index,token,no_at_fault_collisions,drivable_area_compliance,driving_direction_compliance,traffic_light_compliance,ego_progress,time_to_collision_within_bound,lane_keeping,history_comfort,pdm_score,valid,log_name,frame_type,start_time,endpoint_x,endpoint_y,start_point_x,start_point_y,two_frame_extended_comfort,weight,score
0,5f53001e7e2d5347,0.0,1.0,0.0,1.0,1.0,0.0,1.0,1.0,0.0,True,2021.09.29.19.02.14_veh-28_02911_03005,0,1632945157.7996979,331573.6676197552,4689333.0530617265,331601.721969442,4689330.118968012,1.0,1.0,0.0
1,ae472d675a965aca,1.0,1.0,1.0,1.0,0.4282492740305906,1.0,1.0,1.0,0.7958033121537823,True,2021.09.16.13.53.10_veh-42_00180_00342,0,1631800680.899344,589251.9382164368,4474179.176845104,589242.0472052258,4474176.759019697,1.0,1.0,0.8213278981345595
2,c054f473288d5515,0.0,0.0,1.0,1.0,0.9827726528565215,0.0,1.0,1.0,0.0,True,2021.08.30.14.54.34_veh-40_00439_00835,0,1630335851.5005128,331385.17543580075,4690967.764729942,331410.0991830117,4690947.028148036,1.0,1.0,0.0
3,68097b10029d5fe1,1.0,1.0,1.0,1.0,0.9516357537823119,1.0,1.0,1.0,0.8398699120651114,True,2021.08.30.14.54.34_veh-40_00439_00835,0,1630335851.000633,331386.9083020109,4690965.017278778,331413.13880491117,4690944.533311284,1.0,1.0,0.9848861730569725
4,f14e7ed78b5d55b4,0.5,0.0,1.0,1.0,0.41945930073117355,0.0,1.0,1.0,0.0,True,2021.09.16.13.53.10_veh-42_00180_00342,0,1631800681.3990788,589255.0267901977,4474180.368699088,589243.3815367504,4474177.106909354,1.0,1.0,0.0
5,4cac9f6cd85a5b47,1.0,0.0,1.0,1.0,0.8837821403061267,1.0,1.0,1.0,0.0,True,2021.08.16.14.23.37_veh-45_00015_00132,0,1629124048.500084,588936.78811182,4474948.328120239,588949.7255746338,4474914.198934419,1.0,1.0,0.0
6,3c542be991515ccd,0.0,0.0,0.5,1.0,0.7180111822123013,0.0,1.0,1.0,0.0,True,2021.09.29.19.02.14_veh-28_02911_03005,0,1632945158.299608,331568.913178185,4689335.138458034,331598.1846219732,4689330.576005744,1.0,1.0,0.0
7,13310ca9a7715154,1.0,0.0,1.0,1.0,1.0,1.0,1.0,1.0,0.0,True,2021.09.16.15.47.30_veh-45_01199_01391,0,1631808551.2995698,587720.316182371,4475562.763876031,587704.8190818963,4475545.223946949,1.0,1.0,0.0
8,2382542e05f253df,1.0,1.0,1.0,1.0,0.8822524987708213,1.0,1.0,1.0,0.957947320989579,True,2021.08.16.14.23.37_veh-45_00015_00132,0,1629124048.000377,588938.4491357591,4474944.16990488,588951.2628397987,4474910.0932001425,1.0,1.0,0.9632039058658817
9,19e90f2757b25f38,1.0,1.0,1.0,1.0,0.9926912333700368,1.0,1.0,1.0,0.9973897262035846,True,2021.09.16.19.27.01_veh-45_01749_03230,0,1631822757.500365,587582.0641519007,4475577.073597923,587557.3135848412,4475585.698763372,0.0,1.0,0.8727160104281365
10,ed3db88f99a05a6c,1.0,1.0,1.0,1.0,0.7565043588615681,1.0,1.0,1.0,0.9130372710219886,True,2021.10.06.08.16.17_veh-52_01590_01725,0,1633509880.200006,365789.6830910234,143342.8770537714,365788.397083403,143372.78371830107,1.0,1.0,0.92390761214424
11,f6b9867069845fd2,1.0,1.0,1.0,1.0,1.0,1.0,1.0,1.0,1.0,True,2021.09.16.19.27.01_veh-45_01749_03230,0,1631822758.0006928,587582.7839297837,4475576.718491313,587560.1601854337,4475584.715901437,0.0,1.0,0.875
12,f3ca2707d87a586b,0.0,1.0,1.0,1.0,1.0,0.0,1.0,1.0,0.0,True,2021.09.16.15.47.30_veh-45_01199_01391,0,1631808655.300696,588033.593770442,4475714.437887698,588002.1710295947,4475681.135305075,1.0,1.0,0.0
13,0dc54a8c8203567b,1.0,1.0,1.0,1.0,0.7554745852063265,1.0,1.0,1.0,0.9126694947165451,True,2021.10.06.08.16.17_veh-52_01590_01725,0,1633509880.699771,365790.0596455822,143339.21735808998,365788.59545580763,143369.13966477392,1.0,1.0,0.923585807876977
14,c1839a3333695317,1.0,1.0,1.0,1.0,1.0,1.0,1.0,1.0,1.0,True,2021.09.16.15.47.30_veh-45_01199_01391,0,1631808655.800463,588038.1488264881,4475718.066465489,588006.004414665,4475685.138716207,1.0,1.0,1.0
15,d01fec804cd45644,1.0,0.0,1.0,1.0,0.7415393167362762,1.0,1.0,1.0,0.0,True,2021.09.16.15.47.30_veh-45_01199_01391,0,1631808550.799669,587718.6966860646,4475560.912841119,587702.9642111862,4475543.05686029,1.0,1.0,0.0
16,12499ddd90200ea9f,1.0,1.0,1.0,1.0,0.1835401955820453,1.0,1.0,1.0,0.7084072127078732,True,2021.10.06.08.16.17_veh-52_01590_01725,1,1633509884.699713,365788.38950733445,143348.41444014324,365788.5082674848,143350.9471373839,1.0,0.1111111111111111,0.7448563111193891
17,7a999e76f404c4956,1.0,1.0,1.0,1.0,0.8195940023878174,1.0,0.0,1.0,0.7927121437099347,True,2021.09.29.19.02.14_veh-28_02911_03005,1,1632945161.7997289,331555.69801058125,4689354.094215162,331575.945779709,4689337.697199305,1.0,0.06666666666666667,0.8186231257461929
18,8e653e8d9b170a7dd,1.0,0.0,0.5,1.0,0.9107850161963966,1.0,0.0,1.0,0.0,True,2021.08.16.14.23.37_veh-45_00015_00132,1,1629124052.499943,588922.9063412622,4474997.294982622,588933.9477526493,4474959.013953136,1.0,0.1,0.0
19,5a6f69ea54c00b6d2,1.0,1.0,1.0,1.0,0.13475116957788627,1.0,1.0,1.0,0.6909825605635308,True,2021.09.29.19.02.14_veh-28_02911_03005,1,1632945162.29987,331581.2537505897,4689333.995919867,331582.4724853818,4689333.761984227,1.0,0.06666666666666667,0.7296097404930895
20,c909e005442d28a9c,1.0,1.0,1.0,1.0,0.13741102778210978,1.0,0.0,1.0,0.5490753670650392,True,2021.09.29.19.02.14_veh-28_02911_03005,1,1632945162.29987,331579.3369157554,4689334.872906783,331579.90225486807,4689334.702326402,1.0,0.06666666666666667,0.6054409461819092
21,7caf8d7d76cd0a120,0.0,0.0,1.0,1.0,1.0,0.0,1.0,1.0,0.0,True,2021.08.30.14.54.34_veh-40_00439_00835,1,1630335855.5004148,331354.6321246118,4690987.631542255,331383.2560455549,4690967.250668117,1.0,0.06666666666666667,0.0
22,8413ea29ea72fdfde,1.0,1.0,1.0,1.0,0.3592867163861254,1.0,1.0,1.0,0.771173827280759,True,2021.09.16.15.47.30_veh-45_01199_01391,1,1631808659.300555,588031.2947010788,4475711.063863326,588026.8715557922,4475706.636938939,0.0,0.05263157894736842,0.6747770988706642
23,9cb5545908502a26c,1.0,1.0,1.0,1.0,0.1288662869381092,1.0,1.0,1.0,0.6888808167636105,True,2021.09.29.19.02.14_veh-28_02911_03005,1,1632945161.7997289,331582.72574892116,4689333.663582706,331583.34452081943,4689333.582932697,1.0,0.06666666666666667,0.7277707146681591
24,e0e4ca847f84568a3,1.0,1.0,1.0,1.0,0.18444900919644042,1.0,0.0,1.0,0.5658746461415859,True,2021.08.30.14.54.34_veh-40_00439_00835,1,1630335855.000484,331395.60551393783,4690958.111136239,331397.3409910761,4690956.858968769,1.0,0.0,0.6201403153738876
25,2a46d49b6aa55f1ca,1.0,1.0,1.0,1.0,0.8490966799791225,1.0,0.0,1.0,0.803248814278258,True,2021.08.16.14.23.37_veh-45_00015_00132,1,1629124052.499943,588923.581232635,4474984.9571678955,588935.846882553,4474951.451948328,0.0,0.1,0.7028427124934757
26,ef08e59a9c882aea6,0.0,1.0,1.0,1.0,1.0,0.0,0.0,1.0,0.0,True,2021.09.16.15.47.30_veh-45_01199_01391,1,1631808659.800304,588069.5917425591,4475741.975544,588039.3936205701,4475716.553229247,0.0,0.021062800703607304,0.0
27,ba3f20b19ddb93cb1,1.0,1.0,1.0,1.0,0.7993048337654177,1.0,1.0,1.0,0.9283231549162206,True,2021.09.16.15.47.30_veh-45_01199_01391,1,1631808659.800304,588041.6682002126,4475719.659510897,588031.362336232,4475710.789511022,0.0,4.59255847519687e-209,0.812282760551693
28,8c19ef349d4fc37cb,1.0,1.0,1.0,1.0,0.6912652926395859,1.0,1.0,1.0,0.8897376045141377,True,2021.09.16.15.47.30_veh-45_01199_01391,1,1631808659.800304,588039.9490349141,4475717.044325958,588030.4215095465,4475709.262435247,0.0,4.85351635391148e-292,0.7785204039498705
29,4855fc07a04961bfd,0.0,1.0,1.0,0.0,1.0,0.0,0.0,1.0,0.0,True,2021.09.16.15.47.30_veh-45_01199_01391,1,1631808555.2996619,587726.0119499905,4475573.6315622,587718.8016580663,4475564.270600004,0.0,0.00022108902922588053,0.0
30,646aa5cbfd5f84a9e,0.0,0.0,0.0,1.0,0.9432896669956471,0.0,0.0,1.0,0.0,True,2021.09.16.13.53.10_veh-42_00180_00342,1,1631800684.900173,589243.9312850853,4474205.364770955,589249.6496772685,4474184.493695866,0.0,0.09090909090909091,0.0
31,a946e96acbe5186d9,1.0,1.0,1.0,0.0,1.0,1.0,0.0,1.0,0.0,True,2021.09.16.15.47.30_veh-45_01199_01391,1,1631808554.7998118,587728.7232622153,4475574.2074562935,587716.7949514076,4475560.810205926,0.0,0.20012231567000904,0.0
32,bef503ff5929be3a8,0.0,1.0,1.0,1.0,1.0,0.0,0.0,1.0,0.0,True,2021.08.30.14.54.34_veh-40_00439_00835,1,1630335855.5004148,331365.7602801498,4690976.65456882,331387.345834862,4690964.330727378,0.0,0.06666666666666667,0.0
33,50442ffec20a73824,1.0,1.0,1.0,1.0,0.22042175029816027,1.0,0.0,1.0,0.5787220536779144,True,2021.08.30.14.54.34_veh-40_00439_00835,1,1630335855.5004148,331394.15372683393,4690959.1093879305,331396.5630399238,4690957.422562606,1.0,0.06666666666666667,0.6313817969681751
34,13f7d51df20a8dc66,1.0,1.0,0.5,1.0,0.8075573494193787,1.0,0.0,1.0,0.39420666953917477,True,2021.09.29.19.02.14_veh-28_02911_03005,1,1632945161.7997289,331560.6846498473,4689346.70893822,331575.9617626483,4689336.798542999,0.0,0.06666666666666667,0.3449308358467779
35,c58481114df532967,1.0,1.0,1.0,1.0,0.3160881986674393,1.0,1.0,1.0,0.7557457852383712,True,2021.09.16.15.47.30_veh-45_01199_01391,1,1631808555.2996619,587718.0014339753,4475561.185817297,587717.5811147947,4475560.728648463,0.0,1.0391958338182678e-19,0.6612775620835748
36,8f3bf4b1cb4be05f8,0.0,1.0,0.0,1.0,1.0,0.0,1.0,1.0,0.0,True,2021.09.16.15.47.30_veh-45_01199_01391,1,1631808659.300555,588057.2021204786,4475734.057799627,588031.8110192876,4475711.360266316,0.0,0.05263157894736842,0.0
37,188fef8a871d3bb74,0.0,1.0,0.0,1.0,1.0,0.0,0.0,1.0,0.0,True,2021.09.16.15.47.30_veh-45_01199_01391,1,1631808659.800304,588056.6006521671,4475733.065605687,588038.3148782955,4475715.855302843,0.0,9.636833506734935e-05,0.0
38,38d50c91468fbe6e5,1.0,1.0,1.0,1.0,0.06581297471490019,1.0,0.0,1.0,0.52350463382675,True,2021.09.16.19.27.01_veh-45_01749_03230,1,1631822762.0001838,587571.2635031742,4475581.151433074,587571.2287959765,4475581.199797667,1.0,0.09090909090909091,0.5830665545984063
39,431df46346088a1de,1.0,1.0,1.0,1.0,0.23438023006906064,1.0,0.0,1.0,0.5837072250246644,True,2021.09.16.15.47.30_veh-45_01199_01391,1,1631808659.300555,588027.1524323038,4475706.440058496,588025.1853268376,4475704.50931926,0.0,0.05263157894736842,0.5107438218965814
40,6d342222e4d9d2b2a,1.0,1.0,1.0,1.0,0.6253163632406165,1.0,1.0,1.0,0.8661844154430772,True,2021.09.16.15.47.30_veh-45_01199_01391,1,1631808659.800304,588038.476986057,4475714.3472802,588029.0494839314,4475706.235275927,0.0,0.0,0.7579113635126926
41,5913dfbc435fb100c,0.0,0.0,1.0,1.0,1.0,0.0,0.0,1.0,0.0,True,2021.09.16.15.47.30_veh-45_01199_01391,1,1631808659.800304,588061.3658586041,4475732.227862061,588035.1170263056,4475711.814193147,0.0,6.547279835477781e-99,0.0
42,eb16cfaf356e80f1f,1.0,1.0,1.0,1.0,1.0,1.0,0.0,1.0,0.8571428571428571,True,2021.08.16.14.23.37_veh-45_00015_00132,1,1629124052.000155,588924.15712981,4474990.806071537,588937.2488112982,4474948.236905783,1.0,1.5691886286252496e-32,0.875
43,57e7f219c88ab8fe0,1.0,0.0,1.0,1.0,1.0,1.0,1.0,1.0,0.0,True,2021.09.16.13.53.10_veh-42_00180_00342,1,1631800684.900173,589251.903749226,4474183.276670693,589249.4456191811,4474180.939997575,0.0,0.09090909090909091,0.0
44,8aea1806b6e406159,1.0,0.0,1.0,1.0,0.6173994372983236,1.0,1.0,1.0,0.0,True,2021.09.16.15.47.30_veh-45_01199_01391,1,1631808659.300555,588037.6784811674,4475713.412907607,588026.9353223393,4475704.333003171,0.0,0.05263157894736842,0.0
45,4876fb179a00309b5,1.0,1.0,1.0,1.0,0.7717543630774883,1.0,1.0,1.0,0.918483701099103,True,2021.10.06.08.16.17_veh-52_01590_01725,1,1633509884.699713,365789.4719586942,143348.41478314364,365789.05480879755,143357.00488833842,0.0,0.1111111111111111,0.8036732384617151
46,4a5ea5d6a2735531c,1.0,0.0,0.5,1.0,0.9107850161963966,1.0,0.0,1.0,0.0,True,2021.08.16.14.23.37_veh-45_00015_00132,1,1629124052.499943,588922.9063412622,4474997.294982622,588933.9477526493,4474959.013953136,1.0,0.1,0.0
47,73bd1fde4cf4bbd5a,0.0,1.0,1.0,0.0,1.0,0.0,0.0,1.0,0.0,True,2021.09.16.15.47.30_veh-45_01199_01391,1,1631808554.7998118,587727.1620732214,4475576.103314685,587717.2356149533,4475562.015284922,0.0,0.7995239949606865,0.0
48,ae4f3518384257a07,1.0,1.0,1.0,1.0,0.0985347633157621,1.0,1.0,1.0,0.6780481297556294,True,2021.10.06.08.16.17_veh-52_01590_01725,1,1633509884.699713,365788.9836645234,143352.93863807098,365788.9875183041,143353.5007728554,1.0,0.1111111111111111,0.7182921135361757
49,c6f215cb7b0d88628,0.0,1.0,0.0,1.0,1.0,0.0,0.0,1.0,0.0,True,2021.09.16.15.47.30_veh-45_01199_01391,1,1631808659.800304,588071.8210716859,4475746.512038157,588039.8483918197,4475717.638561525,0.0,0.9788408224385646,0.0
50,026597b466e481724,1.0,1.0,1.0,1.0,0.2517596587004101,1.0,0.0,1.0,0.589914163821575,True,2021.09.16.15.47.30_veh-45_01199_01391,1,1631808659.300555,588026.8211692953,4475706.481603772,588024.2966417606,4475703.989955436,1.0,0.05263157894736842,0.6411748933438781
51,6333f19e87ad08122,1.0,0.0,1.0,1.0,1.0,1.0,1.0,1.0,0.0,True,2021.09.16.15.47.30_veh-45_01199_01391,1,1631808659.300555,588057.6839153639,4475729.300952452,588031.4342311502,4475708.830477179,0.0,0.05263157894736842,0.0
52,6c04df27e5264b20b,1.0,1.0,1.0,1.0,1.0,1.0,1.0,1.0,1.0,True,2021.09.16.13.53.10_veh-42_00180_00342,1,1631800685.4001389,589250.7022394957,4474180.635356908,589250.655968185,4474180.623242552,1.0,0.09090909090909091,1.0
53,3c8afefbaf08142c1,0.0,0.0,0.0,1.0,1.0,0.0,0.0,1.0,0.0,True,2021.09.29.19.02.14_veh-28_02911_03005,1,1632945161.7997289,331541.6466286568,4689356.591114507,331574.4729347124,4689340.527079539,0.0,0.06666666666666667,0.0
54,ecefe6eb9d594a685,1.0,0.0,0.5,1.0,0.9107850161963966,1.0,0.0,1.0,0.0,True,2021.08.16.14.23.37_veh-45_00015_00132,1,1629124052.499943,588922.9063412622,4474997.294982622,588933.9477526493,4474959.013953136,1.0,0.1,0.0
55,a31ca4af2bc4ff90a,0.0,1.0,1.0,1.0,1.0,0.0,0.0,1.0,0.0,True,2021.08.30.14.54.34_veh-40_00439_00835,1,1630335855.000484,331365.0211935523,4690979.2621768,331388.11499169696,4690963.553513654,0.0,2.378187732265471e-08,0.0
56,e7ae2cd68d33a847e,1.0,1.0,0.0,1.0,0.7213840411553825,1.0,0.0,1.0,0.0,True,2021.09.29.19.02.14_veh-28_02911_03005,1,1632945162.29987,331552.1113802963,4689354.494024209,331573.0156806204,4689339.211341454,1.0,0.06666666666666667,0.0
57,bffe666f9175e93c1,1.0,1.0,1.0,1.0,0.13448731299562802,1.0,1.0,1.0,0.6908883260698672,True,2021.09.29.19.02.14_veh-28_02911_03005,1,1632945161.7997289,331580.133731132,4689334.714556086,331580.8853145912,4689334.5240330845,0.0,0.06666666666666667,0.6045272853111338
58,c9c198442a1efdc10,1.0,0.0,0.5,1.0,1.0,1.0,1.0,1.0,0.0,True,2021.09.16.13.53.10_veh-42_00180_00342,1,1631800685.4001389,589245.5577392117,4474208.479761541,589250.0508166805,4474186.667087079,0.0,0.09090909090909091,0.0
59,0d70fefa06711301c,1.0,1.0,1.0,1.0,0.44742778328362126,1.0,1.0,1.0,0.8026527797441504,True,2021.08.16.14.23.37_veh-45_00015_00132,1,1629124052.000155,588937.1741221967,4474950.5431639,588941.6560319721,4474938.041555551,0.0,2.2721383829907898e-97,0.7023211822761316
60,ceeb361872a012bd7,0.0,0.0,0.0,1.0,0.9432896669956471,0.0,0.0,1.0,0.0,True,2021.09.16.13.53.10_veh-42_00180_00342,1,1631800684.900173,589243.9312850853,4474205.364770955,589249.6496772685,4474184.493695866,0.0,0.09090909090909091,0.0
61,bc730296c22859127,1.0,1.0,1.0,1.0,0.3637239060881074,1.0,1.0,1.0,0.7727585378886097,True,2021.09.29.19.02.14_veh-28_02911_03005,1,1632945161.7997289,331577.47328167595,4689335.52615982,331582.2864623239,4689333.886051493,1.0,0.06666666666666667,0.8011637206525335
62,6c5bcf6f99698fac4,1.0,0.0,1.0,1.0,0.4123256128180239,1.0,1.0,1.0,0.0,True,2021.09.16.13.53.10_veh-42_00180_00342,1,1631800685.4001389,589253.0908448233,4474187.188105056,589249.4814476686,4474181.123071044,1.0,0.09090909090909091,0.0
63,dd01f78238cd88b26,1.0,1.0,1.0,1.0,0.29756271836223885,1.0,1.0,1.0,0.7491295422722282,True,2021.09.16.15.47.30_veh-45_01199_01391,1,1631808659.800304,588031.037438882,4475710.884552465,588028.264671279,4475708.015166338,0.0,0.0,0.6554883494881997
64,fc8bd325b3da03b85,1.0,1.0,1.0,1.0,0.8531178644285494,1.0,0.0,1.0,0.8046849515816249,True,2021.08.16.14.23.37_veh-45_00015_00132,1,1629124052.000155,588925.8157093911,4474980.688054579,588937.6353448515,4474946.747152201,0.0,2.3993080288874025e-09,0.7040993326339218
65,e03e2999009dbd343,1.0,1.0,1.0,1.0,0.14172134091593475,1.0,0.0,1.0,0.5506147646128339,True,2021.09.16.19.27.01_veh-45_01749_03230,1,1631822761.5000799,587571.6007798754,4475581.046086157,587570.8679478588,4475581.293643561,1.0,0.09090909090909091,0.6067879190362296
66,f5d454a22e5731c5a,1.0,0.0,0.5,1.0,0.6703761947093513,1.0,1.0,1.0,0.0,True,2021.10.06.08.16.17_veh-52_01590_01725,1,1633509884.699713,365797.88173438195,143328.42614256873,365789.96404213866,143345.75329744324,0.0,0.1111111111111111,0.0
67,2bb929aa7298012be,0.0,0.0,1.0,1.0,1.0,0.0,1.0,1.0,0.0,True,2021.08.30.14.54.34_veh-40_00439_00835,1,1630335855.000484,331362.35181019903,4690982.455924523,331386.72238010674,4690964.786266563,1.0,0.9995318117013996,0.0
68,beae653519f0232e7,1.0,1.0,1.0,1.0,0.14991418966390727,1.0,0.0,1.0,0.553540782022824,True,2021.09.16.19.27.01_veh-45_01749_03230,1,1631822762.0001838,587573.838485972,4475578.9682216095,587573.7547856296,4475579.048515551,1.0,0.09090909090909091,0.6093481842699711
69,f0ec163fc911ff8bb,1.0,1.0,1.0,1.0,0.055711097438193496,1.0,1.0,1.0,0.6627539633707834,True,2021.08.30.14.54.34_veh-40_00439_00835,1,1630335855.000484,331399.41516698716,4690956.1244076,331399.36564599595,4690956.146928559,0.0,0.0,0.5799097179494355
70,b5d11a125c8146f58,1.0,1.0,1.0,1.0,0.3623752578594624,1.0,0.0,1.0,0.6294197349498081,True,2021.09.16.15.47.30_veh-45_01199_01391,1,1631808659.300555,588029.2786358753,4475707.896310836,588024.2411885101,4475703.226769407,0.0,0.05263157894736842,0.5507422680810821
71,9f903173a7777cf35,1.0,0.0,0.5,1.0,1.0,1.0,1.0,1.0,0.0,True,2021.09.16.15.47.30_veh-45_01199_01391,1,1631808659.300555,588057.0879458158,4475727.871509553,588030.8618669232,4475708.255161832,1.0,0.05263157894736842,0.0
72,91e2e5e740db004ce,0.0,1.0,1.0,1.0,1.0,0.0,0.0,1.0,0.0,True,2021.08.30.14.54.34_veh-40_00439_00835,1,1630335855.000484,331369.2915871126,4690975.5312737,331390.46264440543,4690962.501395517,0.0,1.0305537647342688e-41,0.0
73,35fc09471c163fd84,1.0,1.0,1.0,1.0,0.020351065406846714,1.0,1.0,1.0,0.6501253805024453,True,2021.10.06.08.16.17_veh-52_01590_01725,1,1633509884.1999009,365789.0345455942,143356.95155981765,365789.06858378573,143356.98503983053,0.0,0.1111111111111111,0.5688597079396396
74,2a8ffeaa7391e73c7,1.0,0.0,0.5,1.0,1.0,1.0,1.0,1.0,0.0,True,2021.09.16.13.53.10_veh-42_00180_00342,1,1631800685.4001389,589245.5577392117,4474208.479761541,589250.0508166805,4474186.667087079,0.0,0.09090909090909091,0.0
75,8d71beefa48cb91fb,1.0,1.0,1.0,1.0,0.6733445913387947,1.0,1.0,1.0,0.8833373540495695,True,2021.09.16.15.47.30_veh-45_01199_01391,1,1631808659.300555,588040.3879637978,4475716.873971402,588028.5286006841,4475707.389105424,0.0,0.05263157894736842,0.7729201847933733
76,dd091b9e715ca6370,1.0,1.0,1.0,1.0,0.05975880640599144,1.0,1.0,1.0,0.6641995737164255,True,2021.09.29.19.02.14_veh-28_02911_03005,1,1632945162.29987,331584.3891765435,4689332.626817038,331584.62067658774,4689332.619826215,1.0,0.06666666666666667,0.7061746270018723
77,5922fad17f2f5e59f,0.0,0.0,0.0,1.0,1.0,0.0,0.0,1.0,0.0,True,2021.09.29.19.02.14_veh-28_02911_03005,1,1632945162.29987,331539.997132208,4689352.35833704,331568.81363850954,4689340.393638021,0.0,0.06666666666666667,0.0
78,5065468cd60f1bc00,1.0,1.0,1.0,1.0,0.13045381847233384,1.0,1.0,1.0,0.6894477923115477,True,2021.10.06.08.16.17_veh-52_01590_01725,1,1633509884.1999009,365789.33431393484,143353.58139585875,365789.2022242418,143354.99080530662,1.0,0.1111111111111111,0.7282668182726043
79,c807c2486a7897e81,1.0,1.0,1.0,1.0,0.32790726621625566,0.0,1.0,1.0,0.40282402364866277,True,2021.09.16.15.47.30_veh-45_01199_01391,1,1631808659.800304,588030.3491207365,4475710.51586054,588027.0165897378,4475707.207038565,0.0,0.0,0.3524710206925799
80,07a36d3f2100bc352,1.0,1.0,1.0,1.0,1.0,1.0,0.0,1.0,0.8571428571428571,True,2021.09.16.19.27.01_veh-45_01749_03230,1,1631822762.0001838,587571.5023965931,4475581.931470255,587571.5534055934,4475582.0090224575,1.0,0.09090909090909091,0.875
81,6c0405cd5c40c15ab,1.0,0.0,1.0,1.0,1.0,1.0,0.0,1.0,0.0,True,2021.09.16.13.53.10_veh-42_00180_00342,1,1631800685.4001389,589246.5067472771,4474209.770803959,589251.0905588228,4474191.251692812,1.0,0.09090909090909091,0.0
82,78fdd992fa8acb334,0.0,1.0,0.0,1.0,1.0,0.0,1.0,1.0,0.0,True,2021.09.16.15.47.30_veh-45_01199_01391,1,1631808659.300555,588054.0305773572,4475730.227257373,588033.8035870172,4475712.4696461605,0.0,0.05263157894736842,0.0
83,ad027cf65e5484130,1.0,0.0,1.0,1.0,0.3044918868292819,1.0,1.0,1.0,0.0,True,2021.10.06.08.16.17_veh-52_01590_01725,1,1633509884.699713,365791.3108115762,143335.67663530985,365790.56832368445,143342.70184064674,0.0,0.1111111111111111,0.0
84,18087593f1147e61f,1.0,0.0,0.5,1.0,0.8871671384752619,1.0,1.0,1.0,0.0,True,2021.09.16.13.53.10_veh-42_00180_00342,1,1631800685.4001389,589256.6914817954,4474186.567434244,589249.5075915379,4474180.443329583,1.0,0.09090909090909091,0.0
85,43eb9502a0d70fcea,1.0,1.0,1.0,1.0,0.007988716244004834,1.0,1.0,1.0,0.6457102558014303,True,2021.09.16.13.53.10_veh-42_00180_00342,1,1631800685.4001389,589245.8566127676,4474177.855874277,589245.7812285051,4474177.8383364305,1.0,0.09090909090909091,0.6899964738262515
86,fad1ad3bce41df4d9,1.0,1.0,1.0,1.0,0.18722508806842292,1.0,0.0,1.0,0.5668661028815796,True,2021.08.30.14.54.34_veh-40_00439_00835,1,1630335855.000484,331391.7799238737,4690960.085799597,331393.06351440697,4690959.271073086,1.0,1.6648025461570562e-154,0.6210078400213821
87,ea96a137518d58ac9,1.0,1.0,1.0,1.0,0.7575087049027476,1.0,1.0,1.0,0.9133959660366955,True,2021.09.16.15.47.30_veh-45_01199_01391,1,1631808659.800304,588042.5439770722,4475718.652418529,588033.3616930399,4475711.5276239915,0.0,1.130695714748267e-136,0.7992214702821085
88,1a6ba40b74f9b51e5,0.0,1.0,0.5,1.0,1.0,0.0,0.0,1.0,0.0,True,2021.09.29.19.02.14_veh-28_02911_03005,1,1632945162.29987,331557.6358815633,4689345.126547616,331573.30149393657,4689337.818307991,0.0,0.06666666666666667,0.0
89,15755cd0249f8223a,0.0,0.0,0.0,1.0,1.0,0.0,0.0,1.0,0.0,True,2021.09.29.19.02.14_veh-28_02911_03005,1,1632945162.29987,331533.32313436037,4689356.173322852,331569.46166043926,4689342.305654939,1.0,0.06666666666666667,0.0
90,07d57ac58a266170f,1.0,1.0,1.0,1.0,0.15532785989373604,1.0,0.0,1.0,0.5554742356763344,True,2021.08.30.14.54.34_veh-40_00439_00835,1,1630335855.5004148,331393.7252916163,4690959.019134892,331394.52343706985,4690958.553850487,0.0,0.06666666666666667,0.4860399562167925
91,142f665559387e2c2,1.0,1.0,1.0,1.0,0.0,1.0,0.0,1.0,0.5,True,2021.08.30.14.54.34_veh-40_00439_00835,1,1630335855.5004148,331399.277477117,4690956.23308195,331399.1868874178,4690956.298666986,0.0,0.06666666666666667,0.4375
92,00caf7c273c7d5065,1.0,1.0,1.0,1.0,1.0,1.0,0.0,1.0,0.8571428571428571,True,2021.08.16.14.23.37_veh-45_00015_00132,1,1629124052.000155,588924.15712981,4474990.806071537,588937.2488112982,4474948.236905783,1.0,1.5691886286252496e-32,0.875
93,0225e9a16d781eb96,0.0,1.0,0.0,1.0,1.0,0.0,0.0,1.0,0.0,True,2021.09.16.15.47.30_veh-45_01199_01391,1,1631808659.800304,588060.0494514364,4475736.80291341,588035.3017631071,4475714.73559705,0.0,9.276881432551996e-36,0.0
94,beee26fb5719cdfcb,1.0,1.0,1.0,0.0,1.0,1.0,1.0,1.0,0.0,True,2021.09.16.15.47.30_veh-45_01199_01391,1,1631808555.2996619,587739.1570786489,4475589.2868951475,587723.0574047576,4475568.022460672,0.0,7.779861377573301e-71,0.0
95,ab74a4ee392eb4ffc,1.0,0.0,1.0,1.0,0.4357589069454243,1.0,0.0,1.0,0.0,True,2021.08.16.14.23.37_veh-45_00015_00132,1,1629124052.499943,588935.372490941,4474952.65916872,588939.6781545847,4474940.758317538,0.0,0.1,0.0
96,7098c40dee5929017,0.0,1.0,0.5,1.0,1.0,0.0,0.0,1.0,0.0,True,2021.09.16.15.47.30_veh-45_01199_01391,1,1631808659.300555,588058.4878546064,4475733.767441392,588034.6447612136,4475712.167982535,0.0,0.05263157894736842,0.0
97,27d64cbd86e07452b,0.0,0.0,1.0,0.0,1.0,0.0,1.0,0.0,0.0,True,2021.09.16.15.47.30_veh-45_01199_01391,1,1631808554.7998118,587723.352695574,4475566.659363976,587720.7480599283,4475564.887194522,0.0,5.497903647031721e-37,0.0
98,eedb6f9d589e745c8,0.0,0.0,0.0,1.0,1.0,0.0,0.0,1.0,0.0,True,2021.09.16.15.47.30_veh-45_01199_01391,1,1631808659.800304,588064.8920107107,4475732.929697586,588034.5153635206,4475711.120099254,1.0,1.6400982511196183e-127,0.0
99,e147b31afd8a5c390,1.0,1.0,1.0,0.0,1.0,1.0,1.0,1.0,0.0,True,2021.09.16.15.47.30_veh-45_01199_01391,1,1631808555.2996619,587736.9854215992,4475584.224091421,587721.5612177867,4475565.779992187,0.0,1.3656864814213647e-17,0.0
100,62631b017ceec5a18,1.0,1.0,1.0,1.0,0.8245922290281992,1.0,0.0,1.0,0.7944972246529283,True,2021.08.30.14.54.34_veh-40_00439_00835,1,1630335855.000484,331375.04483064206,4690970.809857564,331390.02419314126,4690961.480770586,0.0,8.913175683746764e-49,0.6951850715713123
101,44a5937b14cec415b,1.0,1.0,1.0,1.0,0.584769776628455,1.0,0.0,1.0,0.7088463487958768,True,2021.08.30.14.54.34_veh-40_00439_00835,1,1630335855.5004148,331380.0998835481,4690968.157627407,331389.72959301394,4690961.56122956,0.0,0.06666666666666667,0.6202405551963922
102,dc92f82e6715ac493,0.0,1.0,1.0,1.0,0.901996097089755,0.0,0.0,1.0,0.0,True,2021.09.16.15.47.30_veh-45_01199_01391,1,1631808555.2996619,587720.369661186,4475566.649475073,587715.9381655497,4475560.207321978,0.0,2.765758698847667e-50,0.0
103,f2b84517dc455c03f,1.0,1.0,1.0,1.0,0.43238125830969887,1.0,1.0,1.0,0.7972790208248924,True,2021.09.16.19.27.01_veh-45_01749_03230,1,1631822762.0001838,587578.6949764643,4475577.363012321,587577.5380608409,4475577.878916006,0.0,0.09090909090909091,0.6976191432217809
104,d9bbca7a0907304f1,1.0,1.0,1.0,1.0,0.28740626721694473,1.0,0.0,1.0,0.6026450954346231,True,2021.08.30.14.54.34_veh-40_00439_00835,1,1630335855.000484,331391.7319853023,4690959.985359554,331395.7081459304,4690957.953900542,0.0,5.015057435738195e-277,0.5273144585052952
105,956f2e4043c1b8f4d,1.0,1.0,1.0,1.0,0.43087410042561,1.0,1.0,1.0,0.7967407501520035,True,2021.09.16.15.47.30_veh-45_01199_01391,1,1631808659.800304,588031.3737316396,4475709.91654815,588025.7916886903,4475704.735223918,0.0,0.0,0.6971481563830031
106,2e822d476fd14739c,1.0,1.0,1.0,1.0,0.4850374472022999,1.0,1.0,1.0,0.8160848025722499,True,2021.09.16.19.27.01_veh-45_01749_03230,1,1631822761.5000799,587578.4293935082,4475578.977949102,587575.1548027445,4475579.794372161,1.0,0.09090909090909091,0.8390742022507187
107,34e7a39f33ba4f108,1.0,1.0,1.0,1.0,1.0,1.0,1.0,1.0,1.0,True,2021.09.16.19.27.01_veh-45_01749_03230,1,1631822761.5000799,587585.1903180043,4475578.316016242,587576.9024862614,4475579.753506216,0.0,0.09090909090909091,0.875
108,6808c5efa6976fe37,1.0,1.0,1.0,1.0,0.2784300501407861,1.0,1.0,1.0,0.7422964464788523,True,2021.08.30.14.54.34_veh-40_00439_00835,1,1630335855.000484,331393.4221212614,4690960.208408303,331396.68561260705,4690957.697741034,1.0,0.0,0.7745093906689957
109,5c8283705c1e44a16,0.0,0.0,1.0,1.0,0.9225983397906568,0.0,1.0,0.0,0.0,True,2021.09.16.15.47.30_veh-45_01199_01391,1,1631808659.800304,588046.3714269336,4475721.911615226,588037.1425543596,4475715.66420231,0.0,8.522760676974421e-09,0.0
110,3042cb349e2487756,1.0,1.0,1.0,1.0,0.0013952838199484294,1.0,1.0,1.0,0.6433554585071245,True,2021.09.16.19.27.01_veh-45_01749_03230,1,1631822761.5000799,587567.3268075119,4475582.344619901,587567.3325888724,4475582.340408158,1.0,0.09090909090909091,0.687936026193734
111,51d3d62e78d712283,0.0,1.0,1.0,1.0,1.0,0.0,0.0,1.0,0.0,True,2021.08.30.14.54.34_veh-40_00439_00835,1,1630335855.5004148,331368.9351372733,4690974.564406103,331387.1307128284,4690963.162194354,0.0,0.06666666666666667,0.0
112,32888a8d5ffa4cfa6,1.0,1.0,1.0,0.0,1.0,1.0,1.0,1.0,0.0,True,2021.09.16.15.47.30_veh-45_01199_01391,1,1631808554.7998118,587734.3182333505,4475581.131448962,587719.3297512654,4475563.035190471,0.0,0.0003358403388752211,0.0
113,a52a1bf87700c06b5,1.0,1.0,1.0,1.0,1.0,1.0,0.0,1.0,0.8571428571428571,True,2021.09.16.19.27.01_veh-45_01749_03230,1,1631822762.0001838,587571.5814789454,4475582.476842306,587571.6085092262,4475582.525964975,0.0,0.09090909090909091,0.75
114,c481b1ded8232fa61,1.0,1.0,1.0,1.0,0.04313443041033953,1.0,1.0,1.0,0.6582622965751214,True,2021.09.16.13.53.10_veh-42_00180_00342,1,1631800685.4001389,589248.3436395456,4474179.944524226,589248.2761566692,4474179.898414147,1.0,0.09090909090909091,0.7009795095032312
115,e64bbff1f3e0c30be,1.0,1.0,1.0,1.0,0.2164869492216271,1.0,0.0,1.0,0.5773167675791525,True,2021.09.16.19.27.01_veh-45_01749_03230,1,1631822761.5000799,587573.5051190536,4475579.161944856,587573.0211335914,4475579.386342753,1.0,0.09090909090909091,0.6301521716317584
116,51bb4445380dac75e,1.0,0.0,1.0,1.0,0.5069814437017782,1.0,0.0,1.0,0.0,True,2021.08.30.14.54.34_veh-40_00439_00835,1,1630335855.5004148,331383.2659997856,4690963.26052834,331392.14439022756,4690960.337518056,0.0,0.06666666666666667,0.0
117,7516958eab299d94d,1.0,1.0,1.0,1.0,0.1478612459765154,1.0,1.0,1.0,0.6956647307058983,True,2021.09.16.13.53.10_veh-42_00180_00342,1,1631800685.4001389,589249.9760307824,4474182.274932794,589249.8256146002,4474182.111496341,1.0,0.09090909090909091,0.733706639367661
118,8d59e8ecb60e11b5b,1.0,1.0,1.0,1.0,0.41794038484554213,1.0,0.0,1.0,0.6492644231591223,True,2021.09.16.15.47.30_veh-45_01199_01391,1,1631808555.2996619,587712.5327317714,4475557.374437487,587710.7074414279,4475554.007869127,1.0,0.0,0.6931063702642319
119,32f2437326c9e81b2,1.0,1.0,1.0,1.0,1.0,1.0,0.0,1.0,0.8571428571428571,True,2021.09.16.19.27.01_veh-45_01749_03230,1,1631822761.5000799,587571.3415355185,4475582.48371585,587571.2735552635,4475582.5634217225,0.0,0.09090909090909091,0.75
120,6cca874fda7a3507a,1.0,0.0,0.5,1.0,1.0,1.0,0.0,0.0,0.0,True,2021.08.30.14.54.34_veh-40_00439_00835,1,1630335855.000484,331381.19970598497,4690967.5983670745,331386.94466799335,4690963.744543294,0.0,0.000468164516723204,0.0
121,4d115c250e5dc02b1,1.0,1.0,1.0,1.0,0.0018702345830888005,1.0,1.0,1.0,0.6435250837796745,True,2021.08.30.14.54.34_veh-40_00439_00835,1,1630335855.5004148,331399.69249501475,4690956.008530043,331399.6086028299,4690956.094629689,0.0,0.06666666666666667,0.5630844483072153
122,dedf2ffe66804a16a,1.0,0.0,1.0,1.0,0.33353329863041625,1.0,1.0,1.0,0.0,True,2021.08.16.14.23.37_veh-45_00015_00132,1,1629124052.000155,588940.0049957823,4474942.110569601,588942.4188309126,4474934.60255897,1.0,1.813947988248007e-226,0.0
123,3d0fbd6a6fbde5f86,1.0,0.0,1.0,1.0,1.0,1.0,1.0,1.0,0.0,True,2021.09.16.13.53.10_veh-42_00180_00342,1,1631800684.900173,589247.1316935791,4474207.577575078,589250.9024850124,4474188.817851384,1.0,0.09090909090909091,0.0
124,ba9155b84dc322eac,1.0,1.0,1.0,1.0,0.5480764831069216,1.0,0.0,1.0,0.6957416011096148,True,2021.08.30.14.54.34_veh-40_00439_00835,1,1630335855.5004148,331384.588979402,4690965.173707471,331393.9988419783,4690959.404782843,0.0,0.06666666666666667,0.608773900970913
125,eaa70df977f0ed637,0.0,1.0,1.0,1.0,1.0,0.0,0.0,1.0,0.0,True,2021.09.16.15.47.30_veh-45_01199_01391,1,1631808555.2996619,587721.1762835251,4475567.331288406,587714.6910424046,4475557.4945785245,1.0,1.7905934003186594e-123,0.0
126,b3c7672d677c644c7,1.0,1.0,1.0,1.0,0.3627148402721429,1.0,1.0,1.0,0.7723981572400511,True,2021.09.29.19.02.14_veh-28_02911_03005,1,1632945162.29987,331567.0148748335,4689343.286903113,331575.6694932988,4689339.70799534,0.0,0.06666666666666667,0.6758483875850447
127,a0dee764f3cd352e8,1.0,1.0,1.0,1.0,0.8775826509108788,1.0,1.0,1.0,0.9562795181824567,True,2021.08.16.14.23.37_veh-45_00015_00132,1,1629124052.000155,588926.0434548134,4474984.547503747,588937.395395348,4474948.645179497,0.0,2.1875263360646973e-39,0.8367445784096497
128,10933ac8239bd6fbb,1.0,1.0,1.0,1.0,0.4262849704862874,1.0,1.0,1.0,0.7951017751736741,True,2021.08.16.14.23.37_veh-45_00015_00132,1,1629124052.499943,588938.9071056073,4474945.711655347,588941.8084467965,4474936.405431867,1.0,0.1,0.8207140532769648
129,23b5ec16bb6ad0b92,1.0,1.0,1.0,1.0,1.0,1.0,1.0,1.0,1.0,True,2021.09.16.19.27.01_veh-45_01749_03230,1,1631822762.0001838,587586.6938035656,4475578.853223237,587578.9694319607,4475579.537565653,0.0,0.09090909090909091,0.875
130,4533792bbf9b2478b,1.0,1.0,1.0,1.0,0.4140383346075951,1.0,1.0,1.0,0.7907279766455696,True,2021.10.06.08.16.17_veh-52_01590_01725,1,1633509884.1999009,365791.14037325094,143337.05052589125,365789.6682189133,143348.21089889368,0.0,0.1111111111111111,0.6918869795648734
131,c91d6633fc0516a81,1.0,1.0,1.0,1.0,0.0,1.0,1.0,1.0,0.6428571428571429,True,2021.09.16.19.27.01_veh-45_01749_03230,1,1631822762.0001838,587567.2720141691,4475582.3791081915,587567.2867706518,4475582.380479481,1.0,0.09090909090909091,0.6875
132,5b733b329372ed8c8,1.0,1.0,1.0,1.0,0.24885461420136828,1.0,1.0,1.0,0.7317337907862029,True,2021.08.16.14.23.37_veh-45_00015_00132,1,1629124052.499943,588940.856715244,4474938.70928029,588942.2542948101,4474934.862670416,0.0,0.1,0.6402670669379276
133,e92394471671ed533,1.0,1.0,1.0,1.0,0.05569753386125776,1.0,1.0,1.0,0.6627491192361635,True,2021.09.29.19.02.14_veh-28_02911_03005,1,1632945161.7997289,331584.7939692884,4689332.697100686,331584.85811432754,4689332.7132662255,1.0,0.06666666666666667,0.704905479331643
134,c2e48998f58fcf229,1.0,1.0,1.0,1.0,0.24532841270764086,1.0,1.0,1.0,0.7304744331098717,True,2021.10.06.08.16.17_veh-52_01590_01725,1,1633509884.699713,365789.58314770757,143345.66794505823,365789.43315088114,143349.94340354297,0.0,0.1111111111111111,0.6391651289711378
135,be4d95422b6b6e212,1.0,1.0,1.0,1.0,0.4367261771385593,1.0,1.0,1.0,0.7988307775494855,True,2021.09.29.19.02.14_veh-28_02911_03005,1,1632945162.29987,331573.10576829594,4689337.095807816,331579.88148132525,4689334.815148327,0.0,0.06666666666666667,0.6989769303557998
136,042bf7d6a0f98a104,1.0,1.0,1.0,1.0,0.0,1.0,0.0,1.0,0.5,True,2021.09.16.19.27.01_veh-45_01749_03230,1,1631822762.0001838,587568.052986646,4475582.709233017,587568.0542628503,4475582.7383108325,1.0,0.09090909090909091,0.5625
137,2048a65fec13c23d5,1.0,1.0,1.0,1.0,0.19643659414472403,1.0,1.0,1.0,0.7130130693374015,True,2021.09.29.19.02.14_veh-28_02911_03005,1,1632945162.29987,331576.3203281556,4689337.798408612,331579.1370296297,4689336.382348301,1.0,0.06666666666666667,0.7488864356702263
138,583a61a4880467bf7,1.0,1.0,1.0,1.0,0.21904859871549717,1.0,1.0,1.0,0.7210887852555347,True,2021.10.06.08.16.17_veh-52_01590_01725,1,1633509884.699713,365789.3023449566,143343.60731409016,365789.23141821986,143347.29628672832,0.0,0.1111111111111111,0.6309526870985929
139,e593c645d1fd3fdb9,1.0,1.0,1.0,1.0,0.6761588187662798,1.0,1.0,1.0,0.8843424352736714,True,2021.10.06.08.16.17_veh-52_01590_01725,1,1633509884.699713,365789.79559818987,143344.35116341148,365789.22523450997,143354.47877193257,1.0,0.1111111111111111,0.8987996308644625
140,e1f0dcd38a9ec2523,0.0,0.0,0.0,1.0,1.0,0.0,0.0,1.0,0.0,True,2021.09.29.19.02.14_veh-28_02911_03005,1,1632945161.7997289,331544.5830364663,4689352.234724336,331572.4619695308,4689338.932874922,0.0,0.06666666666666667,0.0
141,7b5998d0c96e5433a,1.0,1.0,1.0,1.0,0.0018702345830888005,1.0,1.0,1.0,0.6435250837796745,True,2021.08.30.14.54.34_veh-40_00439_00835,1,1630335855.5004148,331399.69249501475,4690956.008530043,331399.6086028299,4690956.094629689,0.0,0.06666666666666667,0.5630844483072153
142,6f8794f5f301202d0,1.0,0.0,1.0,1.0,0.6999961408731079,1.0,1.0,1.0,0.0,True,2021.09.16.15.47.30_veh-45_01199_01391,1,1631808659.300555,588042.1885543301,4475717.962634695,588030.5259322843,4475709.079259196,0.0,0.05263157894736842,0.0
143,d5cbf126369d32fdf,1.0,0.0,1.0,1.0,1.0,1.0,1.0,1.0,0.0,True,2021.09.16.13.53.10_veh-42_00180_00342,1,1631800685.4001389,589252.6360651735,4474183.934644352,589250.1327066062,4474181.602628514,0.0,0.09090909090909091,0.0
144,e8a9486b49b69adbf,1.0,1.0,1.0,1.0,0.7814355775518321,1.0,1.0,1.0,0.9219412776970829,True,2021.09.16.19.27.01_veh-45_01749_03230,1,1631822761.5000799,587581.5079367646,4475575.372021175,587576.7578189567,4475577.747090529,0.0,0.09090909090909091,0.8066986179849476
145,e9f1d3b368a8f7603,1.0,1.0,1.0,1.0,0.1556763321273133,1.0,0.0,1.0,0.555598690045469,True,2021.09.16.15.47.30_veh-45_01199_01391,1,1631808659.800304,588025.8139258822,4475705.57532909,588025.3433681815,4475705.076117919,1.0,0.0,0.6111488537897853
146,913e360242a39e667,1.0,1.0,1.0,1.0,0.2567221533721965,1.0,1.0,1.0,0.734543626204356,True,2021.09.16.19.27.01_veh-45_01749_03230,1,1631822762.0001838,587576.2004941166,4475580.039024036,587575.3650917406,4475580.192156291,1.0,0.09090909090909091,0.7677256729288114
147,fd0fe3e97024a208f,0.0,1.0,1.0,0.0,1.0,0.0,0.0,1.0,0.0,True,2021.09.16.15.47.30_veh-45_01199_01391,1,1631808554.7998118,587722.0909965305,4475568.653942879,587714.6864233443,4475558.370629178,0.0,1.6655370864059668e-42,0.0
148,875f6c89666fde397,1.0,1.0,1.0,1.0,0.7320971248699482,1.0,1.0,1.0,0.9043204017392672,True,2021.09.16.19.27.01_veh-45_01749_03230,1,1631822762.0001838,587581.7966068353,4475575.2151997965,587578.2023942334,4475577.062022233,0.0,0.09090909090909091,0.7912803515218588
149,fc3f449099625878e,1.0,1.0,1.0,1.0,0.41794038484554213,1.0,0.0,1.0,0.6492644231591223,True,2021.09.16.15.47.30_veh-45_01199_01391,1,1631808555.2996619,587712.5327317714,4475557.374437487,587710.7074414279,4475554.007869127,1.0,0.0,0.6931063702642319
150,32b8d38d96342e28b,1.0,0.0,1.0,1.0,0.27455957795883346,1.0,1.0,1.0,0.0,True,2021.09.16.13.53.10_veh-42_00180_00342,1,1631800684.900173,589252.3083441647,4474182.715955632,589249.1396892857,4474180.123975336,1.0,0.09090909090909091,0.0
151,5f775bac151622950,1.0,1.0,1.0,1.0,0.7901611580564974,1.0,1.0,1.0,0.9250575564487491,True,2021.08.16.14.23.37_veh-45_00015_00132,1,1629124052.499943,588928.3340398747,4474977.466197235,588938.2059872219,4474947.008544277,0.0,0.1,0.8094253618926555
152,90dfc4788a349e60b,1.0,1.0,1.0,1.0,0.07921693664609603,1.0,1.0,1.0,0.6711489059450343,True,2021.09.16.15.47.30_veh-45_01199_01391,1,1631808555.2996619,587711.2810546275,4475553.20819122,587711.0989854136,4475552.946768088,0.0,0.0,0.587255292701905
153,cd9aed75f054bccb5,1.0,1.0,1.0,1.0,0.12432049592603005,1.0,0.0,1.0,0.5444001771164393,True,2021.08.30.14.54.34_veh-40_00439_00835,1,1630335855.5004148,331395.2628929734,4690958.801559729,331395.9520686487,4690958.263383722,1.0,0.06666666666666667,0.6013501549768844
154,ebe3f434bfee258dc,1.0,1.0,1.0,1.0,0.7082807026138617,1.0,1.0,1.0,0.8958145366478077,True,2021.09.16.19.27.01_veh-45_01749_03230,1,1631822761.5000799,587580.6850473502,4475576.368090727,587576.133762664,4475578.46837569,0.0,0.09090909090909091,0.7838377195668318
155,9d5c879308ff1f5b5,1.0,1.0,1.0,1.0,0.40182138017516755,1.0,0.0,1.0,0.6435076357768457,True,2021.08.30.14.54.34_veh-40_00439_00835,1,1630335855.000484,331387.18807879736,4690962.931032047,331393.8244879511,4690959.649925773,0.0,5.8146407514717214e-167,0.5630691813047399
156,4c03648ccf3301fe7,0.0,0.0,0.0,1.0,1.0,0.0,0.0,1.0,0.0,True,2021.09.16.15.47.30_veh-45_01199_01391,1,1631808659.800304,588068.5673256369,4475736.248348278,588037.609656857,4475713.647117732,1.0,4.1607292924019105e-37,0.0
157,808e6b707f608e2a9,0.0,1.0,0.0,1.0,1.0,0.0,0.0,1.0,0.0,True,2021.09.29.19.02.14_veh-28_02911_03005,1,1632945161.7997289,331546.0774133616,4689354.708654898,331574.96039307193,4689336.474785248,0.0,0.06666666666666667,0.0
158,82e6ed49ff7af43fe,1.0,1.0,1.0,1.0,0.014003046407314484,1.0,1.0,1.0,0.6478582308597552,True,2021.09.16.13.53.10_veh-42_00180_00342,1,1631800684.900173,589247.2176875175,4474179.2808224475,589247.1428605671,4474179.22670246,1.0,0.09090909090909091,0.6918759520022858
159,c64e0d6194293f51e,1.0,1.0,1.0,1.0,0.05200614663178289,1.0,1.0,1.0,0.6614307666542081,True,2021.09.29.19.02.14_veh-28_02911_03005,1,1632945161.7997289,331584.79589240893,4689332.572485525,331584.8398241987,4689332.595921771,1.0,0.06666666666666667,0.7037519208224321
160,801d1b42c0409656b,0.0,1.0,1.0,1.0,1.0,0.0,1.0,1.0,0.0,True,2021.09.16.15.47.30_veh-45_01199_01391,1,1631808659.300555,588066.068650098,4475738.146735357,588035.1309600796,4475712.824617425,0.0,0.05263157894736842,0.0
161,fa8d78f84cd8b7f8c,1.0,1.0,1.0,1.0,0.6085888871639287,1.0,0.0,1.0,0.7173531739871174,True,2021.08.30.14.54.34_veh-40_00439_00835,1,1630335855.000484,331381.47716673894,4690967.291137423,331392.009329309,4690960.073597395,0.0,4.1422301817389437e-110,0.6276840272387277
162,71afcb9b1ac436e14,1.0,1.0,1.0,1.0,0.22759489122430893,1.0,1.0,1.0,0.7241410325801103,True,2021.09.29.19.02.14_veh-28_02911_03005,1,1632945161.7997289,331577.2146942463,4689337.407488365,331580.7051852272,4689335.688855501,1.0,0.06666666666666667,0.7586234035075965
163,754d33f5c0419048c,1.0,1.0,1.0,1.0,0.09486843362361698,1.0,1.0,1.0,0.6767387262941489,True,2021.09.16.13.53.10_veh-42_00180_00342,1,1631800684.900173,589249.7466442264,4474181.959206815,589249.5623870447,4474181.729851499,1.0,0.09090909090909091,0.7171463855073803
164,bc6888f8da8ee3d48,1.0,1.0,1.0,1.0,0.007303173941075228,1.0,1.0,1.0,0.6454654192646697,True,2021.09.16.15.47.30_veh-45_01199_01391,1,1631808554.7998118,587710.609305628,4475552.692622169,587710.5689757311,4475552.7330958815,1.0,2.7628868257147994e-282,0.689782241856586
165,ac7a491ea6609fc90,1.0,0.0,1.0,1.0,0.3955281319461605,1.0,1.0,1.0,0.0,True,2021.09.16.13.53.10_veh-42_00180_00342,1,1631800684.900173,589253.2314469396,4474185.849492391,589249.0001073679,4474180.434310785,1.0,0.09090909090909091,0.0
166,f9533c6195790b299,0.0,1.0,0.5,1.0,1.0,0.0,0.0,1.0,0.0,True,2021.09.29.19.02.14_veh-28_02911_03005,1,1632945162.29987,331561.2201581721,4689351.673419553,331573.7147071865,4689339.105293911,0.0,0.06666666666666667,0.0
167,543679cd5973594a2,1.0,0.0,1.0,1.0,0.3803878495655596,1.0,0.0,1.0,0.0,True,2021.08.16.14.23.37_veh-45_00015_00132,1,1629124052.000155,588936.645188501,4474948.5994781945,588940.7287892762,4474938.044343197,0.0,3.003862690232731e-86,0.0
168,960a0cd8fd6e4be22,1.0,0.0,1.0,1.0,0.4053292762204855,1.0,0.0,1.0,0.0,True,2021.09.29.19.02.14_veh-28_02911_03005,1,1632945161.7997289,331571.00946162775,4689342.120661236,331577.8396451818,4689338.80067288,0.0,0.06666666666666667,0.0
169,c47263e93d93b6838,1.0,1.0,1.0,1.0,0.05846471268004377,1.0,1.0,1.0,0.6637373973857299,True,2021.09.29.19.02.14_veh-28_02911_03005,1,1632945162.29987,331584.42977270624,4689332.745700458,331584.64208724984,4689332.757191157,1.0,0.06666666666666667,0.7057702227125137
170,e6aaf829acef158f6,1.0,1.0,1.0,1.0,0.12155803792018942,1.0,1.0,1.0,0.6862707278286392,True,2021.10.06.08.16.17_veh-52_01590_01725,1,1633509884.1999009,365788.5020536573,143351.235470135,365788.5665063467,143351.88653690997,1.0,0.1111111111111111,0.7254868868500592
171,ad537f45665843f16,1.0,1.0,1.0,1.0,0.13511265510042347,1.0,1.0,1.0,0.6911116625358655,True,2021.10.06.08.16.17_veh-52_01590_01725,1,1633509884.1999009,365789.0420602885,143353.12208994103,365789.0070635214,143354.3320620396,1.0,0.1111111111111111,0.7297227047188823
172,9e0949ca46f2a4a49,1.0,1.0,1.0,1.0,0.3748281745267735,1.0,1.0,1.0,0.7767243480452762,True,2021.09.16.19.27.01_veh-45_01749_03230,1,1631822762.0001838,587578.4459326131,4475579.018879476,587576.3026374064,4475579.546204936,1.0,0.09090909090909091,0.8046338045396167
173,2251eed913b2fbe46,1.0,1.0,1.0,1.0,0.053155427387168344,1.0,1.0,1.0,0.6618412240668459,True,2021.09.16.13.53.10_veh-42_00180_00342,1,1631800684.900173,589248.1805942783,4474179.788661958,589248.1189450554,4474179.753375053,1.0,0.09090909090909091,0.7041110710584901
174,7c6eb3ebf2ec0a507,1.0,0.0,0.5,1.0,1.0,1.0,0.0,0.0,0.0,True,2021.08.30.14.54.34_veh-40_00439_00835,1,1630335855.5004148,331380.6222450728,4690969.025183312,331384.7496701544,4690965.769031763,0.0,0.06666666666666667,0.0
175,645751bf568658675,1.0,1.0,1.0,1.0,0.13287730400601974,1.0,0.0,1.0,0.5474561800021499,True,2021.08.30.14.54.34_veh-40_00439_00835,1,1630335855.5004148,331391.64431761415,4690960.289181153,331391.9479754253,4690959.940990742,1.0,0.06666666666666667,0.6040241575018812
176,4a421aa61a3bbad1d,1.0,1.0,1.0,1.0,0.886022780210162,1.0,0.0,1.0,0.816436707217915,True,2021.08.16.14.23.37_veh-45_00015_00132,1,1629124052.499943,588924.3995441868,4474990.164000093,588935.7091671876,4474953.766605961,0.0,0.1,0.7143821188156756
177,c8a0832c8f737ce92,1.0,0.0,1.0,1.0,0.779496649045319,1.0,0.0,1.0,0.0,True,2021.08.16.14.23.37_veh-45_00015_00132,1,1629124052.000155,588930.0907175922,4474972.928866935,588939.6076457177,4474942.758275688,0.0,0.9999999976006919,0.0
178,765fab253a51a77e4,1.0,1.0,1.0,1.0,0.5578053925089084,1.0,0.0,1.0,0.6992162116103244,True,2021.08.30.14.54.34_veh-40_00439_00835,1,1630335855.000484,331386.0629124171,4690964.411188739,331395.65917447646,4690958.372727347,0.0,1.0803994867448324e-262,0.6118141851590339
179,774a05df3c1512cac,1.0,1.0,1.0,1.0,0.2835258756964112,1.0,1.0,1.0,0.7441163841772898,True,2021.09.16.15.47.30_veh-45_01199_01391,1,1631808659.800304,588029.382743996,4475708.769223706,588026.6162783131,4475705.9281226,0.0,0.0,0.6511018361551285
180,aaaeb97c15db0e2f6,1.0,1.0,1.0,1.0,0.5775299008239188,1.0,1.0,1.0,0.8491178217228281,True,2021.09.29.19.02.14_veh-28_02911_03005,1,1632945161.7997289,331561.39172617556,4689349.089622013,331576.11454652785,4689337.228227746,0.0,0.06666666666666667,0.7429780940074746
181,5fcf415bcf1a37722,0.0,0.0,0.5,1.0,1.0,0.0,1.0,0.0,0.0,True,2021.08.30.14.54.34_veh-40_00439_00835,1,1630335855.5004148,331376.01429155195,4690970.233135165,331383.17533637496,4690966.077987797,0.0,0.06666666666666667,0.0
182,fedfbdfcf20092620,1.0,1.0,1.0,1.0,0.026309872985963077,1.0,0.0,1.0,0.5093963832092726,True,2021.09.16.15.47.30_veh-45_01199_01391,1,1631808554.7998118,587710.7221227493,4475553.951001345,587710.6595601721,4475553.991210357,1.0,7.54016449302253e-238,0.5707218353081135
183,e774d1b87b07638c4,1.0,1.0,1.0,1.0,0.7267629741705077,1.0,1.0,1.0,0.9024153479180386,True,2021.09.16.15.47.30_veh-45_01199_01391,1,1631808659.800304,588040.8221457312,4475717.739005771,588030.9592792492,4475709.733013757,0.0,4.141536677554115e-257,0.7896134294282837
184,78e346fdbeb014770,1.0,1.0,1.0,1.0,0.0,1.0,1.0,1.0,0.6428571428571429,True,2021.09.16.13.53.10_veh-42_00180_00342,1,1631800685.4001389,589247.1891385056,4474179.236290571,589247.128249402,4474179.206866289,1.0,0.09090909090909091,0.6875
185,80fbecd9f16630510,1.0,0.0,1.0,1.0,0.649271316189451,1.0,1.0,1.0,0.0,True,2021.09.16.15.47.30_veh-45_01199_01391,1,1631808659.300555,588039.4910049709,4475716.0693830075,588027.9863037148,4475706.9512559185,0.0,0.05263157894736842,0.0
186,9600f9f6992618229,1.0,1.0,1.0,1.0,0.1921671505102124,1.0,0.0,1.0,0.5686311251822187,True,2021.09.29.19.02.14_veh-28_02911_03005,1,1632945161.7997289,331578.7342144489,4689335.121582534,331581.2239589549,4689334.319382456,1.0,0.06666666666666667,0.6225522345344414
187,bc9a77699f862350d,1.0,1.0,1.0,1.0,0.006224173804721143,1.0,1.0,1.0,0.6450800620731147,True,2021.09.16.13.53.10_veh-42_00180_00342,1,1631800684.900173,589245.8635862449,4474177.856374746,589245.7914674171,4474177.841200282,1.0,0.09090909090909091,0.6894450543139754
188,8c7844d1d621c907b,1.0,1.0,1.0,1.0,0.7086273652984657,1.0,1.0,1.0,0.8959383447494521,True,2021.09.16.15.47.30_veh-45_01199_01391,1,1631808659.300555,588040.8604206915,4475718.252870014,588028.8692102839,4475708.254951744,0.0,0.05263157894736842,0.7839460516557706
189,0cd9ea86052a0b8e1,1.0,1.0,1.0,1.0,0.5557801267127107,1.0,1.0,1.0,0.8413500452545396,True,2021.08.16.14.23.37_veh-45_00015_00132,1,1629124052.499943,588935.1441980038,4474955.89839383,588940.6516040423,4474940.626833002,0.0,0.1,0.7361812895977221
190,5ae5fc96ae87f7041,1.0,1.0,1.0,1.0,0.27901946424972024,1.0,1.0,1.0,0.7425069515177573,True,2021.10.06.08.16.17_veh-52_01590_01725,1,1633509884.1999009,365789.72795943124,143345.99878277796,365789.38613921363,143351.61802417273,0.0,0.1111111111111111,0.6496935825780376
191,45d88e7f92a4a9e74,1.0,1.0,1.0,1.0,0.052450526378431714,1.0,1.0,1.0,0.6615894737065827,True,2021.08.30.14.54.34_veh-40_00439_00835,1,1630335855.000484,331399.8134462313,4690955.903908465,331399.7667247046,4690955.943984009,0.0,0.0,0.5788907894932599
192,ffe0db4c4b5ed141a,1.0,1.0,1.0,1.0,1.0,1.0,0.0,1.0,0.8571428571428571,True,2021.09.16.19.27.01_veh-45_01749_03230,1,1631822761.5000799,587571.2515388697,4475581.983077131,587571.2643945969,4475582.1101538325,1.0,0.09090909090909091,0.875
193,190768b2e92e01b36,0.0,0.0,0.0,1.0,0.9485748001337639,0.0,0.0,1.0,0.0,True,2021.09.29.19.02.14_veh-28_02911_03005,1,1632945161.7997289,331543.0140207434,4689355.969940896,331573.3427308561,4689340.702600871,1.0,0.06666666666666667,0.0
194,5fb2ee221c72e08b2,1.0,1.0,1.0,1.0,0.34849547116342905,1.0,1.0,1.0,0.7673198111297961,True,2021.09.16.15.47.30_veh-45_01199_01391,1,1631808554.7998118,587712.9845727779,4475555.5447043115,587710.8663256973,4475552.652105731,0.0,7.143867804161062e-275,0.6714048347385716
195,232ee9d7342aed6a0,1.0,1.0,1.0,1.0,1.0,1.0,1.0,1.0,1.0,True,2021.09.16.13.53.10_veh-42_00180_00342,1,1631800684.900173,589250.6191362136,4474180.5440528495,589250.5750003881,4474180.550472292,1.0,0.09090909090909091,1.0
196,474779897c967667c,0.0,1.0,0.0,1.0,1.0,0.0,0.0,1.0,0.0,True,2021.09.16.15.47.30_veh-45_01199_01391,1,1631808659.300555,588074.2258318838,4475748.826860038,588036.5730677114,4475715.513522199,1.0,0.05263157894736842,0.0
197,02644631a56fa1750,1.0,1.0,1.0,1.0,0.23691712924616876,1.0,1.0,1.0,0.7274704033022031,True,2021.10.06.08.16.17_veh-52_01590_01725,1,1633509884.1999009,365790.4894729785,143345.0335006144,365789.8725798683,143349.4010100004,1.0,0.1111111111111111,0.7615366028894277
198,5f69ad192f42e1e35,1.0,1.0,1.0,1.0,0.25203307621234783,1.0,1.0,1.0,0.7328689557901242,True,2021.10.06.08.16.17_veh-52_01590_01725,1,1633509884.1999009,365789.28031064145,143343.90723729154,365789.2181638914,143349.24573051336,0.0,0.1111111111111111,0.6412603363163587
199,863415a0e3cc1897d,1.0,1.0,1.0,1.0,0.38920535292033426,1.0,0.0,1.0,0.6390019117572623,True,2021.09.16.15.47.30_veh-45_01199_01391,1,1631808554.7998118,587717.7168590368,4475560.763900446,587716.7318686969,4475559.635512512,0.0,1.7849030429198167e-05,0.5591266727876045
200,cc716ed59dd6f0250,1.0,1.0,1.0,1.0,0.16697929023908722,1.0,1.0,1.0,0.702492603656817,True,2021.08.16.14.23.37_veh-45_00015_00132,1,1629124052.000155,588941.8573176306,4474935.8101013135,588942.6231777895,4474933.758029475,0.0,1.0130490066398687e-266,0.6146810281997148
201,cea842f2d5b0ad72d,1.0,1.0,1.0,1.0,0.16285461576808669,1.0,1.0,1.0,0.7010195056314595,True,2021.10.06.08.16.17_veh-52_01590_01725,1,1633509884.699713,365790.2998802564,143346.23084503246,365790.0876684029,143347.69628470653,1.0,0.1111111111111111,0.738392067427527
202,b77f2183b554e6641,1.0,1.0,1.0,1.0,0.052450526378431714,1.0,1.0,1.0,0.6615894737065827,True,2021.08.30.14.54.34_veh-40_00439_00835,1,1630335855.000484,331399.8134462313,4690955.903908465,331399.7667247046,4690955.943984009,0.0,0.0,0.5788907894932599
203,b795e9c4c8fde41bb,0.0,0.0,0.0,1.0,1.0,0.0,0.0,1.0,0.0,True,2021.09.29.19.02.14_veh-28_02911_03005,1,1632945162.29987,331541.65310026606,4689336.887449555,331570.7729771068,4689341.988314637,0.0,0.06666666666666667,0.0
204,32a33652619708c65,1.0,1.0,1.0,1.0,0.5904749430671459,1.0,0.0,1.0,0.7108839082382664,True,2021.09.16.15.47.30_veh-45_01199_01391,1,1631808554.7998118,587717.6645685375,4475561.670286063,587714.0200361375,4475556.4370456375,1.0,1.529538532863397e-84,0.7470234197084831
205,de1d1d3fbf4860a8c,0.0,0.0,0.0,1.0,1.0,0.0,0.0,1.0,0.0,True,2021.09.16.15.47.30_veh-45_01199_01391,1,1631808659.800304,588074.9900943891,4475750.333220023,588041.2233380213,4475719.805517849,1.0,3.692855140380349e-21,0.0
206,af1a4d903d6c645ce,1.0,1.0,1.0,0.0,1.0,1.0,1.0,1.0,0.0,True,2021.09.16.15.47.30_veh-45_01199_01391,1,1631808555.2996619,587731.3100272882,4475576.618817374,587718.6375028103,4475563.014258014,0.0,0.9997789109707742,0.0
207,362376a65fe8ca576,1.0,1.0,1.0,1.0,0.33434155961321427,1.0,0.0,1.0,0.6194076998618623,True,2021.09.16.15.47.30_veh-45_01199_01391,1,1631808554.7998118,587714.5968203666,4475559.767156501,587713.1879280512,4475557.588755212,1.0,1.93783196062129e-83,0.6669817373791295
208,01898e4c2520a9400,1.0,1.0,1.0,1.0,0.1179739936635227,1.0,1.0,0.0,0.5421335691655439,True,2021.09.29.19.02.14_veh-28_02911_03005,1,1632945162.29987,331580.71540677536,4689334.38075474,331581.6943057831,4689334.057688561,1.0,0.06666666666666667,0.5993668730198509
209,95bfecce656f72d69,0.0,1.0,0.0,1.0,1.0,0.0,0.0,1.0,0.0,True,2021.09.16.15.47.30_veh-45_01199_01391,1,1631808659.300555,588068.5441429317,4475742.2155605825,588035.5075312677,4475713.625442339,0.0,0.05263157894736842,0.0
210,f67fdc6f83d2e8656,1.0,1.0,1.0,1.0,0.032902142787475254,1.0,0.0,1.0,0.5117507652812412,True,2021.09.16.19.27.01_veh-45_01749_03230,1,1631822761.5000799,587568.1231071434,4475582.739296733,587568.1141409066,4475582.740468371,1.0,0.09090909090909091,0.572781919621086
211,5688641dd10efb02d,1.0,1.0,1.0,1.0,0.31412227106359136,1.0,1.0,1.0,0.755043668236997,True,2021.09.16.15.47.30_veh-45_01199_01391,1,1631808659.300555,588029.0959580399,4475709.270635286,588025.4733299037,4475705.588099353,0.0,0.05263157894736842,0.6606632097073724
212,6d8d91ad290f124b2,1.0,1.0,1.0,1.0,0.3998711575019516,1.0,0.0,1.0,0.6428111276792684,True,2021.09.16.15.47.30_veh-45_01199_01391,1,1631808555.2996619,587714.3295440775,4475559.330999932,587713.8888594225,4475558.664910123,1.0,1.165630402634214e-120,0.6874597367193599
213,321422cad3f85a6a3,0.0,0.0,0.0,1.0,1.0,0.0,0.0,1.0,0.0,True,2021.09.29.19.02.14_veh-28_02911_03005,1,1632945162.29987,331537.3712432138,4689349.7901371345,331571.2700151894,4689337.755788311,0.0,0.06666666666666667,0.0
214,241e6bedc6fcf2de4,0.0,0.0,1.0,1.0,1.0,0.0,0.0,1.0,0.0,True,2021.09.16.15.47.30_veh-45_01199_01391,1,1631808659.300555,588067.5382235224,4475736.430888004,588033.4455663302,4475710.320667566,1.0,0.05263157894736842,0.0
215,49d2336208d2cac37,1.0,1.0,1.0,1.0,1.0,1.0,0.0,1.0,0.8571428571428571,True,2021.08.16.14.23.37_veh-45_00015_00132,1,1629124052.000155,588924.15712981,4474990.806071537,588937.2488112982,4474948.236905783,1.0,1.5691886286252496e-32,0.875
216,2df81c34dac0b3f5c,1.0,0.0,1.0,1.0,0.33066902409396665,1.0,1.0,1.0,0.0,True,2021.10.06.08.16.17_veh-52_01590_01725,1,1633509884.1999009,365791.1734383357,143336.5933793743,365790.30255042744,143345.22277181278,0.0,0.1111111111111111,0.0
217,1effe02b2af9680a9,1.0,1.0,1.0,1.0,0.026309872985963077,1.0,0.0,1.0,0.5093963832092726,True,2021.09.16.15.47.30_veh-45_01199_01391,1,1631808554.7998118,587710.7221227493,4475553.951001345,587710.6595601721,4475553.991210357,1.0,7.54016449302253e-238,0.5707218353081135
218,bc686838d510dad87,1.0,1.0,1.0,1.0,0.0124220368747041,1.0,1.0,1.0,0.6472935845981086,True,2021.09.16.15.47.30_veh-45_01199_01391,1,1631808555.2996619,587710.6164010819,4475552.786613004,587710.5614094248,4475552.721872448,1.0,0.0,0.691381886523345
219,b545597d491f4a96e,1.0,1.0,1.0,1.0,0.48877094984942454,1.0,1.0,1.0,0.8174181963747945,True,2021.09.16.19.27.01_veh-45_01749_03230,1,1631822761.5000799,587578.2022859273,4475579.516666459,587574.4065340679,4475580.4139422225,1.0,0.09090909090909091,0.8402409218279452
