693335b810c3	0	7	1.1288
693335b810c3	1	8	1.2293
693335b810c3	2	9	1.3298
693335b810c3	3	10	1.4303
693335b810c3	4	11	1.5308
693335b810c3	5	12	1.6313
693335b810c3	6	13	1.7318
693335b810c3	7	14	1.8323
693335b810c3	8	15	1.9328
693335b810c3	9	16	2.0333
693335b810c3	10	17	2.1338
693335b810c3	11	18	2.2343
693335b810c3	12	19	2.3348
693335b810c3	13	20	2.4353
693335b810c3	14	21	2.5358
693335b810c3	15	22	2.6363
693335b810c3	16	23	2.7368
693335b810c3	17	24	2.8373
693335b810c3	18	25	2.9378
693335b810c3	19	26	3.0383
693335b810c3	20	27	3.1388
693335b810c3	21	28	3.2393
693335b810c3	22	29	3.3398
693335b810c3	23	30	3.4403
693335b810c3	24	31	3.5408
693335b810c3	25	32	3.6413
693335b810c3	26	33	3.7418
693335b810c3	27	34	3.8423
693335b810c3	28	35	3.9428
693335b810c3	29	36	4.0433
693335b810c3	30	37	4.1438
693335b810c3	31	38	4.2443
693335b810c3	32	39	4.3448
693335b810c3	33	40	4.4453
693335b810c3	34	41	4.5458
693335b810c3	35	42	4.6463
693335b810c3	36	43	4.7468
693335b810c3	37	44	4.8473
693335b810c3	38	45	4.9478
693335b810c3	39	46	5.0483
693335b810c3	40	47	5.1488
693335b810c3	41	48	5.2493
693335b810c3	42	49	5.3498
693335b810c3	43	50	5.4503
693335b810c3	44	51	5.5508
693335b810c3	45	52	5.6513
693335b810c3	46	53	5.7518
693335b810c3	47	54	5.8523
693335b810c3	48	55	5.9528
693335b810c3	49	56	6.0533
693335b810c3	50	57	6.1538
693335b810c3	51	58	6.2543
693335b810c3	52	59	6.3548
693335b810c3	53	60	6.4553
693335b810c3	54	61	6.5558
693335b810c3	55	62	6.6563
693335b810c3	56	63	6.7568
693335b810c3	57	64	6.8573
693335b810c3	58	65	6.9578
693335b810c3	59	66	7.0583
693335b810c3	60	67	7.1588
693335b810c3	61	68	7.2593
693335b810c3	62	69	7.3598
693335b810c3	63	70	7.4603
693335b810c3	64	71	7.5608
693335b810c3	65	72	7.6613
693335b810c3	66	73	7.7618
693335b810c3	67	74	7.8623
693335b810c3	68	75	7.9628
693335b810c3	69	76	8.0633
693335b810c3	70	77	8.1638
693335b810c3	71	78	8.2643
693335b810c3	72	79	8.3648
693335b810c3	73	80	8.4653
693335b810c3	74	81	8.5658
693335b810c3	75	82	8.6663
693335b810c3	76	83	8.7668
693335b810c3	77	84	8.8673
693335b810c3	78	85	8.9678
693335b810c3	79	86	9.0683
693335b810c3	80	87	9.1688
693335b810c3	81	88	9.2693
693335b810c3	82	89	9.3698
693335b810c3	83	90	9.4703
693335b810c3	84	91	9.5708
693335b810c3	85	92	9.6713
693335b810c3	86	93	9.7718
693335b810c3	87	94	9.8723
693335b810c3	88	95	9.9728
693335b810c3	89	96	10.0733
693335b810c3	90	97	10.1738
693335b810c3	91	98	10.2743
693335b810c3	92	99	10.3748
693335b810c3	93	100	10.4753
693335b810c3	94	101	10.5758
693335b810c3	95	102	10.6763
693335b810c3	96	103	10.7768
693335b810c3	97	104	10.8773
693335b810c3	98	105	10.9778
693335b810c3	99	106	11.0783
693335b810c3	100	107	11.1788
693335b810c3	101	108	11.2793
693335b810c3	102	109	11.3798
693335b810c3	103	110	11.4803
693335b810c3	104	111	11.5808
693335b810c3	105	112	11.6813
693335b810c3	106	113	11.7818
693335b810c3	107	114	11.8823
693335b810c3	108	115	11.9828
693335b810c3	109	116	12.0833
693335b810c3	110	117	12.1838
693335b810c3	111	118	12.2843
693335b810c3	112	119	12.3848
693335b810c3	113	120	12.4853
693335b810c3	114	121	12.5858
693335b810c3	115	122	12.6863
693335b810c3	116	123	12.7868
693335b810c3	117	124	12.8873
693335b810c3	118	125	12.9878
693335b810c3	119	126	13.0883
693335b810c3	120	127	13.1888
693335b810c3	121	128	13.2893
693335b810c3	122	129	13.3898
693335b810c3	123	130	13.4903
693335b810c3	124	131	13.5908
693335b810c3	125	132	13.6913
693335b810c3	126	133	13.7918
693335b810c3	127	134	13.8923
693335b810c3	128	135	13.9928
693335b810c3	129	136	14.0933
693335b810c3	130	137	14.1938
693335b810c3	131	138	14.2943
693335b810c3	132	139	14.3948
693335b810c3	133	140	14.4953
693335b810c3	134	141	14.5958
693335b810c3	135	142	14.6963
693335b810c3	136	143	14.7968
693335b810c3	137	144	14.8973
693335b810c3	138	145	14.9978
693335b810c3	139	146	15.0983
693335b810c3	140	147	15.1988
693335b810c3	141	148	15.2993
693335b810c3	142	149	15.3998
693335b810c3	143	150	15.5003
693335b810c3	144	151	15.6008
693335b810c3	145	152	15.7013
693335b810c3	146	153	15.8018
693335b810c3	147	154	15.9023
693335b810c3	148	155	16.0028
693335b810c3	149	156	16.1033
693335b810c3	150	157	16.2038
693335b810c3	151	158	16.3043
693335b810c3	152	159	16.4048
693335b810c3	153	160	16.5053
693335b810c3	154	161	16.6058
693335b810c3	155	162	16.7063
693335b810c3	156	163	16.8068
693335b810c3	157	164	16.9073
693335b810c3	158	165	17.0078
693335b810c3	159	166	17.1083
693335b810c3	160	167	17.2088
693335b810c3	161	168	17.3093
693335b810c3	162	169	17.4098
693335b810c3	163	170	17.5103
693335b810c3	164	171	17.6108
693335b810c3	165	172	17.7113
693335b810c3	166	173	17.8118
693335b810c3	167	174	17.9123
693335b810c3	168	175	18.0128
693335b810c3	169	176	18.1133
693335b810c3	170	177	18.2138
a78bf2711918	0	7	1.0792
a78bf2711918	1	8	1.1799
a78bf2711918	2	9	1.2805
a78bf2711918	3	10	1.3812
a78bf2711918	4	11	1.4819
a78bf2711918	5	12	1.5825
a78bf2711918	6	13	1.6832
a78bf2711918	7	14	1.7839
a78bf2711918	8	15	1.8845
a78bf2711918	9	16	1.9852
a78bf2711918	10	17	2.0859
a78bf2711918	11	18	2.1865
a78bf2711918	12	19	2.2872
a78bf2711918	13	20	2.3879
a78bf2711918	14	21	2.4885
a78bf2711918	15	22	2.5892
a78bf2711918	16	23	2.6899
a78bf2711918	17	24	2.7905
a78bf2711918	18	25	2.8912
a78bf2711918	19	26	2.9919
a78bf2711918	20	27	3.0925
a78bf2711918	21	28	3.1932
a78bf2711918	22	29	3.2939
a78bf2711918	23	30	3.3945
a78bf2711918	24	31	3.4952
a78bf2711918	25	32	3.5959
a78bf2711918	26	33	3.6965
a78bf2711918	27	34	3.7972
a78bf2711918	28	35	3.8979
a78bf2711918	29	36	3.9985
a78bf2711918	30	37	4.0992
a78bf2711918	31	38	4.1999
a78bf2711918	32	39	4.3005
a78bf2711918	33	40	4.4012
a78bf2711918	34	41	4.5019
a78bf2711918	35	42	4.6025
a78bf2711918	36	43	4.7032
a78bf2711918	37	44	4.8039
a78bf2711918	38	45	4.9045
a78bf2711918	39	46	5.0052
a78bf2711918	40	47	5.1059
a78bf2711918	41	48	5.2065
a78bf2711918	42	49	5.3072
a78bf2711918	43	50	5.4079
a78bf2711918	44	51	5.5085
a78bf2711918	45	52	5.6092
a78bf2711918	46	53	5.7099
a78bf2711918	47	54	5.8105
a78bf2711918	48	55	5.9112
a78bf2711918	49	56	6.0119
a78bf2711918	50	57	6.1125
a78bf2711918	51	58	6.2132
a78bf2711918	52	59	6.3139
a78bf2711918	53	60	6.4145
a78bf2711918	54	61	6.5152
a78bf2711918	55	62	6.6159
a78bf2711918	56	63	6.7165
a78bf2711918	57	64	6.8172
a78bf2711918	58	65	6.9179
a78bf2711918	59	66	7.0185
a78bf2711918	60	67	7.1192
a78bf2711918	61	68	7.2199
a78bf2711918	62	69	7.3205
a78bf2711918	63	70	7.4212
a78bf2711918	64	71	7.5219
a78bf2711918	65	72	7.6225
a78bf2711918	66	73	7.7232
a78bf2711918	67	74	7.8239
a78bf2711918	68	75	7.9245
a78bf2711918	69	76	8.0252
a78bf2711918	70	77	8.1259
a78bf2711918	71	78	8.2265
a78bf2711918	72	79	8.3272
a78bf2711918	73	80	8.4279
a78bf2711918	74	81	8.5285
a78bf2711918	75	82	8.6292
a78bf2711918	76	83	8.7299
a78bf2711918	77	84	8.8305
a78bf2711918	78	85	8.9312
a78bf2711918	79	86	9.0319
a78bf2711918	80	87	9.1325
a78bf2711918	81	88	9.2332
a78bf2711918	82	89	9.3339
a78bf2711918	83	90	9.4345
a78bf2711918	84	91	9.5352
a78bf2711918	85	92	9.6359
a78bf2711918	86	93	9.7365
a78bf2711918	87	94	9.8372
a78bf2711918	88	95	9.9379
a78bf2711918	89	96	10.0385
a78bf2711918	90	97	10.1392
a78bf2711918	91	98	10.2399
a78bf2711918	92	99	10.3405
a78bf2711918	93	100	10.4412
a78bf2711918	94	101	10.5419
a78bf2711918	95	102	10.6425
a78bf2711918	96	103	10.7432
a78bf2711918	97	104	10.8439
a78bf2711918	98	105	10.9445
a78bf2711918	99	106	11.0452
a78bf2711918	100	107	11.1459
a78bf2711918	101	108	11.2465
a78bf2711918	102	109	11.3472
a78bf2711918	103	110	11.4479
a78bf2711918	104	111	11.5485
a78bf2711918	105	112	11.6492
a78bf2711918	106	113	11.7499
a78bf2711918	107	114	11.8505
a78bf2711918	108	115	11.9512
a78bf2711918	109	116	12.0519
a78bf2711918	110	117	12.1525
a78bf2711918	111	118	12.2532
a78bf2711918	112	119	12.3539
a78bf2711918	113	120	12.4545
a78bf2711918	114	121	12.5552
a78bf2711918	115	122	12.6559
a78bf2711918	116	123	12.7565
a78bf2711918	117	124	12.8572
a78bf2711918	118	125	12.9579
a78bf2711918	119	126	13.0585
a78bf2711918	120	127	13.1592
a78bf2711918	121	128	13.2599
a78bf2711918	122	129	13.3605
a78bf2711918	123	130	13.4612
a78bf2711918	124	131	13.5619
a78bf2711918	125	132	13.6625
a78bf2711918	126	133	13.7632
a78bf2711918	127	134	13.8639
a78bf2711918	128	135	13.9645
a78bf2711918	129	136	14.0652
a78bf2711918	130	137	14.1659
a78bf2711918	131	138	14.2665
a78bf2711918	132	139	14.3672
a78bf2711918	133	140	14.4679
a78bf2711918	134	141	14.5685
a78bf2711918	135	142	14.6692
a78bf2711918	136	143	14.7699
a78bf2711918	137	144	14.8705
a78bf2711918	138	145	14.9712
a78bf2711918	139	146	15.0719
a78bf2711918	140	147	15.1725
a78bf2711918	141	148	15.2732
a78bf2711918	142	149	15.3739
a78bf2711918	143	150	15.4745
a78bf2711918	144	151	15.5752
a78bf2711918	145	152	15.6759
a78bf2711918	146	153	15.7765
a78bf2711918	147	154	15.8772
a78bf2711918	148	155	15.9779
a78bf2711918	149	156	16.0785
a78bf2711918	150	157	16.1792
a78bf2711918	151	158	16.2799
a78bf2711918	152	159	16.3805
a78bf2711918	153	160	16.4812
a78bf2711918	154	161	16.5819
a78bf2711918	155	162	16.6825
a78bf2711918	156	163	16.7832
a78bf2711918	157	164	16.8839
a78bf2711918	158	165	16.9845
a78bf2711918	159	166	17.0852
a78bf2711918	160	167	17.1859
a78bf2711918	161	168	17.2865
a78bf2711918	162	169	17.3872
a78bf2711918	163	170	17.4879
a78bf2711918	164	171	17.5885
a78bf2711918	165	172	17.6892
a78bf2711918	166	173	17.7899
a78bf2711918	167	174	17.8905
a78bf2711918	168	175	17.9912
a78bf2711918	169	176	18.0919
a78bf2711918	170	177	18.1925
f6cfd0a20340	0	7	0.7711
f6cfd0a20340	1	8	0.8719
f6cfd0a20340	2	9	0.9727
f6cfd0a20340	3	10	1.0735
f6cfd0a20340	4	11	1.1743
f6cfd0a20340	5	12	1.2751
f6cfd0a20340	6	13	1.3759
f6cfd0a20340	7	14	1.4767
f6cfd0a20340	8	15	1.5775
f6cfd0a20340	9	16	1.6784
f6cfd0a20340	10	17	1.7792
f6cfd0a20340	11	18	1.88
f6cfd0a20340	12	19	1.9808
f6cfd0a20340	13	20	2.0816
f6cfd0a20340	14	21	2.1824
f6cfd0a20340	15	22	2.2832
f6cfd0a20340	16	23	2.384
f6cfd0a20340	17	24	2.4848
f6cfd0a20340	18	25	2.5856
f6cfd0a20340	19	26	2.6864
f6cfd0a20340	20	27	2.7873
f6cfd0a20340	21	28	2.8881
f6cfd0a20340	22	29	2.9889
f6cfd0a20340	23	30	3.0897
f6cfd0a20340	24	31	3.1905
f6cfd0a20340	25	32	3.2913
f6cfd0a20340	26	33	3.3921
f6cfd0a20340	27	34	3.4929
f6cfd0a20340	28	35	3.5937
f6cfd0a20340	29	36	3.6945
f6cfd0a20340	30	37	3.7954
f6cfd0a20340	31	38	3.8962
f6cfd0a20340	32	39	3.997
f6cfd0a20340	33	40	4.0978
f6cfd0a20340	34	41	4.1986
f6cfd0a20340	35	42	4.2994
f6cfd0a20340	36	43	4.4002
f6cfd0a20340	37	44	4.501
f6cfd0a20340	38	45	4.6018
f6cfd0a20340	39	46	4.7026
f6cfd0a20340	40	47	4.8034
f6cfd0a20340	41	48	4.9043
f6cfd0a20340	42	49	5.0051
f6cfd0a20340	43	50	5.1059
f6cfd0a20340	44	51	5.2067
f6cfd0a20340	45	52	5.3075
f6cfd0a20340	46	53	5.4083
f6cfd0a20340	47	54	5.5091
f6cfd0a20340	48	55	5.6099
f6cfd0a20340	49	56	5.7107
f6cfd0a20340	50	57	5.8115
f6cfd0a20340	51	58	5.9124
f6cfd0a20340	52	59	6.0132
f6cfd0a20340	53	60	6.114
f6cfd0a20340	54	61	6.2148
f6cfd0a20340	55	62	6.3156
f6cfd0a20340	56	63	6.4164
f6cfd0a20340	57	64	6.5172
f6cfd0a20340	58	65	6.618
f6cfd0a20340	59	66	6.7188
f6cfd0a20340	60	67	6.8196
f6cfd0a20340	61	68	6.9205
f6cfd0a20340	62	69	7.0213
f6cfd0a20340	63	70	7.1221
f6cfd0a20340	64	71	7.2229
f6cfd0a20340	65	72	7.3237
f6cfd0a20340	66	73	7.4245
f6cfd0a20340	67	74	7.5253
f6cfd0a20340	68	75	7.6261
f6cfd0a20340	69	76	7.7269
f6cfd0a20340	70	77	7.8277
f6cfd0a20340	71	78	7.9285
f6cfd0a20340	72	79	8.0294
f6cfd0a20340	73	80	8.1302
f6cfd0a20340	74	81	8.231
f6cfd0a20340	75	82	8.3318
f6cfd0a20340	76	83	8.4326
f6cfd0a20340	77	84	8.5334
f6cfd0a20340	78	85	8.6342
f6cfd0a20340	79	86	8.735
f6cfd0a20340	80	87	8.8358
f6cfd0a20340	81	88	8.9366
f6cfd0a20340	82	89	9.0375
f6cfd0a20340	83	90	9.1383
f6cfd0a20340	84	91	9.2391
f6cfd0a20340	85	92	9.3399
f6cfd0a20340	86	93	9.4407
f6cfd0a20340	87	94	9.5415
f6cfd0a20340	88	95	9.6423
f6cfd0a20340	89	96	9.7431
f6cfd0a20340	90	97	9.8439
f6cfd0a20340	91	98	9.9447
f6cfd0a20340	92	99	10.0455
f6cfd0a20340	93	100	10.1464
f6cfd0a20340	94	101	10.2472
f6cfd0a20340	95	102	10.348
f6cfd0a20340	96	103	10.4488
f6cfd0a20340	97	104	10.5496
f6cfd0a20340	98	105	10.6504
f6cfd0a20340	99	106	10.7512
f6cfd0a20340	100	107	10.852
f6cfd0a20340	101	108	10.9528
f6cfd0a20340	102	109	11.0536
f6cfd0a20340	103	110	11.1545
f6cfd0a20340	104	111	11.2553
f6cfd0a20340	105	112	11.3561
f6cfd0a20340	106	113	11.4569
f6cfd0a20340	107	114	11.5577
f6cfd0a20340	108	115	11.6585
f6cfd0a20340	109	116	11.7593
f6cfd0a20340	110	117	11.8601
f6cfd0a20340	111	118	11.9609
f6cfd0a20340	112	119	12.0617
f6cfd0a20340	113	120	12.1625
f6cfd0a20340	114	121	12.2634
f6cfd0a20340	115	122	12.3642
f6cfd0a20340	116	123	12.465
f6cfd0a20340	117	124	12.5658
f6cfd0a20340	118	125	12.6666
f6cfd0a20340	119	126	12.7674
f6cfd0a20340	120	127	12.8682
f6cfd0a20340	121	128	12.969
f6cfd0a20340	122	129	13.0698
f6cfd0a20340	123	130	13.1706
f6cfd0a20340	124	131	13.2715
f6cfd0a20340	125	132	13.3723
f6cfd0a20340	126	133	13.4731
f6cfd0a20340	127	134	13.5739
f6cfd0a20340	128	135	13.6747
f6cfd0a20340	129	136	13.7755
f6cfd0a20340	130	137	13.8763
f6cfd0a20340	131	138	13.9771
f6cfd0a20340	132	139	14.0779
f6cfd0a20340	133	140	14.1787
f6cfd0a20340	134	141	14.2795
f6cfd0a20340	135	142	14.3804
f6cfd0a20340	136	143	14.4812
f6cfd0a20340	137	144	14.582
f6cfd0a20340	138	145	14.6828
f6cfd0a20340	139	146	14.7836
f6cfd0a20340	140	147	14.8844
f6cfd0a20340	141	148	14.9852
f6cfd0a20340	142	149	15.086
f6cfd0a20340	143	150	15.1868
f6cfd0a20340	144	151	15.2876
f6cfd0a20340	145	152	15.3885
f6cfd0a20340	146	153	15.4893
f6cfd0a20340	147	154	15.5901
f6cfd0a20340	148	155	15.6909
f6cfd0a20340	149	156	15.7917
f6cfd0a20340	150	157	15.8925
f6cfd0a20340	151	158	15.9933
f6cfd0a20340	152	159	16.0941
f6cfd0a20340	153	160	16.1949
f6cfd0a20340	154	161	16.2957
f6cfd0a20340	155	162	16.3966
f6cfd0a20340	156	163	16.4974
f6cfd0a20340	157	164	16.5982
f6cfd0a20340	158	165	16.699
f6cfd0a20340	159	166	16.7998
f6cfd0a20340	160	167	16.9006
f6cfd0a20340	161	168	17.0014
f6cfd0a20340	162	169	17.1022
f6cfd0a20340	163	170	17.203
f6cfd0a20340	164	171	17.3038
f6cfd0a20340	165	172	17.4046
f6cfd0a20340	166	173	17.5055
f6cfd0a20340	167	174	17.6063
f6cfd0a20340	168	175	17.7071
f6cfd0a20340	169	176	17.8079
f6cfd0a20340	170	177	17.9087
f6cfd0a20340	171	178	18.0095
f6cfd0a20340	172	179	18.1103
f6cfd0a20340	173	180	18.2111
f6cfd0a20340	174	181	18.3119
f6cfd0a20340	175	182	18.4127
f6cfd0a20340	176	183	18.5136
9855363e1ac1	0	7	1.0325
9855363e1ac1	1	8	1.1331
9855363e1ac1	2	9	1.2338
9855363e1ac1	3	10	1.3345
9855363e1ac1	4	11	1.4351
9855363e1ac1	5	12	1.5358
9855363e1ac1	6	13	1.6365
9855363e1ac1	7	14	1.7371
9855363e1ac1	8	15	1.8378
9855363e1ac1	9	16	1.9385
9855363e1ac1	10	17	2.0391
9855363e1ac1	11	18	2.1398
9855363e1ac1	12	19	2.2405
9855363e1ac1	13	20	2.3411
9855363e1ac1	14	21	2.4418
9855363e1ac1	15	22	2.5425
9855363e1ac1	16	23	2.6431
9855363e1ac1	17	24	2.7438
9855363e1ac1	18	25	2.8445
9855363e1ac1	19	26	2.9451
9855363e1ac1	20	27	3.0458
9855363e1ac1	21	28	3.1465
9855363e1ac1	22	29	3.2471
9855363e1ac1	23	30	3.3478
9855363e1ac1	24	31	3.4485
9855363e1ac1	25	32	3.5491
9855363e1ac1	26	33	3.6498
9855363e1ac1	27	34	3.7505
9855363e1ac1	28	35	3.8511
9855363e1ac1	29	36	3.9518
9855363e1ac1	30	37	4.0525
9855363e1ac1	31	38	4.1531
9855363e1ac1	32	39	4.2538
9855363e1ac1	33	40	4.3545
9855363e1ac1	34	41	4.4551
9855363e1ac1	35	42	4.5558
9855363e1ac1	36	43	4.6565
9855363e1ac1	37	44	4.7571
9855363e1ac1	38	45	4.8578
9855363e1ac1	39	46	4.9585
9855363e1ac1	40	47	5.0591
9855363e1ac1	41	48	5.1598
9855363e1ac1	42	49	5.2605
9855363e1ac1	43	50	5.3611
9855363e1ac1	44	51	5.4618
9855363e1ac1	45	52	5.5625
9855363e1ac1	46	53	5.6631
9855363e1ac1	47	54	5.7638
9855363e1ac1	48	55	5.8645
9855363e1ac1	49	56	5.9651
9855363e1ac1	50	57	6.0658
9855363e1ac1	51	58	6.1665
9855363e1ac1	52	59	6.2671
9855363e1ac1	53	60	6.3678
9855363e1ac1	54	61	6.4685
9855363e1ac1	55	62	6.5691
9855363e1ac1	56	63	6.6698
9855363e1ac1	57	64	6.7705
9855363e1ac1	58	65	6.8711
9855363e1ac1	59	66	6.9718
9855363e1ac1	60	67	7.0725
9855363e1ac1	61	68	7.1731
9855363e1ac1	62	69	7.2738
9855363e1ac1	63	70	7.3745
9855363e1ac1	64	71	7.4751
9855363e1ac1	65	72	7.5758
9855363e1ac1	66	73	7.6765
9855363e1ac1	67	74	7.7771
9855363e1ac1	68	75	7.8778
9855363e1ac1	69	76	7.9785
9855363e1ac1	70	77	8.0791
9855363e1ac1	71	78	8.1798
9855363e1ac1	72	79	8.2805
9855363e1ac1	73	80	8.3811
9855363e1ac1	74	81	8.4818
9855363e1ac1	75	82	8.5825
9855363e1ac1	76	83	8.6831
9855363e1ac1	77	84	8.7838
9855363e1ac1	78	85	8.8845
9855363e1ac1	79	86	8.9851
9855363e1ac1	80	87	9.0858
9855363e1ac1	81	88	9.1865
9855363e1ac1	82	89	9.2871
9855363e1ac1	83	90	9.3878
9855363e1ac1	84	91	9.4885
9855363e1ac1	85	92	9.5891
9855363e1ac1	86	93	9.6898
9855363e1ac1	87	94	9.7905
9855363e1ac1	88	95	9.8911
9855363e1ac1	89	96	9.9918
9855363e1ac1	90	97	10.0925
9855363e1ac1	91	98	10.1931
9855363e1ac1	92	99	10.2938
9855363e1ac1	93	100	10.3945
9855363e1ac1	94	101	10.4951
9855363e1ac1	95	102	10.5958
9855363e1ac1	96	103	10.6965
9855363e1ac1	97	104	10.7971
9855363e1ac1	98	105	10.8978
9855363e1ac1	99	106	10.9985
9855363e1ac1	100	107	11.0991
9855363e1ac1	101	108	11.1998
9855363e1ac1	102	109	11.3005
9855363e1ac1	103	110	11.4011
9855363e1ac1	104	111	11.5018
9855363e1ac1	105	112	11.6025
9855363e1ac1	106	113	11.7031
9855363e1ac1	107	114	11.8038
9855363e1ac1	108	115	11.9045
9855363e1ac1	109	116	12.0051
9855363e1ac1	110	117	12.1058
9855363e1ac1	111	118	12.2065
9855363e1ac1	112	119	12.3071
9855363e1ac1	113	120	12.4078
9855363e1ac1	114	121	12.5085
9855363e1ac1	115	122	12.6091
9855363e1ac1	116	123	12.7098
9855363e1ac1	117	124	12.8105
9855363e1ac1	118	125	12.9111
9855363e1ac1	119	126	13.0118
9855363e1ac1	120	127	13.1125
9855363e1ac1	121	128	13.2131
9855363e1ac1	122	129	13.3138
9855363e1ac1	123	130	13.4145
9855363e1ac1	124	131	13.5151
9855363e1ac1	125	132	13.6158
9855363e1ac1	126	133	13.7165
9855363e1ac1	127	134	13.8171
9855363e1ac1	128	135	13.9178
9855363e1ac1	129	136	14.0185
9855363e1ac1	130	137	14.1191
9855363e1ac1	131	138	14.2198
9855363e1ac1	132	139	14.3205
9855363e1ac1	133	140	14.4211
9855363e1ac1	134	141	14.5218
9855363e1ac1	135	142	14.6225
9855363e1ac1	136	143	14.7231
9855363e1ac1	137	144	14.8238
9855363e1ac1	138	145	14.9245
9855363e1ac1	139	146	15.0251
9855363e1ac1	140	147	15.1258
9855363e1ac1	141	148	15.2265
9855363e1ac1	142	149	15.3271
9855363e1ac1	143	150	15.4278
9855363e1ac1	144	151	15.5285
9855363e1ac1	145	152	15.6291
9855363e1ac1	146	153	15.7298
9855363e1ac1	147	154	15.8305
9855363e1ac1	148	155	15.9311
9855363e1ac1	149	156	16.0318
9855363e1ac1	150	157	16.1325
9855363e1ac1	151	158	16.2331
9855363e1ac1	152	159	16.3338
9855363e1ac1	153	160	16.4345
9855363e1ac1	154	161	16.5351
9855363e1ac1	155	162	16.6358
9855363e1ac1	156	163	16.7365
9855363e1ac1	157	164	16.8371
9855363e1ac1	158	165	16.9378
9855363e1ac1	159	166	17.0385
9855363e1ac1	160	167	17.1391
9855363e1ac1	161	168	17.2398
9855363e1ac1	162	169	17.3405
9855363e1ac1	163	170	17.4411
9855363e1ac1	164	171	17.5418
9855363e1ac1	165	172	17.6425
9855363e1ac1	166	173	17.7431
9855363e1ac1	167	174	17.8438
9855363e1ac1	168	175	17.9445
9855363e1ac1	169	176	18.0451
9855363e1ac1	170	177	18.1458
0191487845ef	0	7	0.9855
0191487845ef	1	8	1.0862
0191487845ef	2	9	1.1869
0191487845ef	3	10	1.2875
0191487845ef	4	11	1.3882
0191487845ef	5	12	1.4889
0191487845ef	6	13	1.5895
0191487845ef	7	14	1.6902
0191487845ef	8	15	1.7909
0191487845ef	9	16	1.8915
0191487845ef	10	17	1.9922
0191487845ef	11	18	2.0929
0191487845ef	12	19	2.1935
0191487845ef	13	20	2.2942
0191487845ef	14	21	2.3949
0191487845ef	15	22	2.4955
0191487845ef	16	23	2.5962
0191487845ef	17	24	2.6969
0191487845ef	18	25	2.7975
0191487845ef	19	26	2.8982
0191487845ef	20	27	2.9989
0191487845ef	21	28	3.0995
0191487845ef	22	29	3.2002
0191487845ef	23	30	3.3009
0191487845ef	24	31	3.4015
0191487845ef	25	32	3.5022
0191487845ef	26	33	3.6029
0191487845ef	27	34	3.7035
0191487845ef	28	35	3.8042
0191487845ef	29	36	3.9049
0191487845ef	30	37	4.0055
0191487845ef	31	38	4.1062
0191487845ef	32	39	4.2069
0191487845ef	33	40	4.3075
0191487845ef	34	41	4.4082
0191487845ef	35	42	4.5089
0191487845ef	36	43	4.6095
0191487845ef	37	44	4.7102
0191487845ef	38	45	4.8109
0191487845ef	39	46	4.9115
0191487845ef	40	47	5.0122
0191487845ef	41	48	5.1129
0191487845ef	42	49	5.2135
0191487845ef	43	50	5.3142
0191487845ef	44	51	5.4149
0191487845ef	45	52	5.5155
0191487845ef	46	53	5.6162
0191487845ef	47	54	5.7168
0191487845ef	48	55	5.8175
0191487845ef	49	56	5.9182
0191487845ef	50	57	6.0188
0191487845ef	51	58	6.1195
0191487845ef	52	59	6.2202
0191487845ef	53	60	6.3208
0191487845ef	54	61	6.4215
0191487845ef	55	62	6.5222
0191487845ef	56	63	6.6228
0191487845ef	57	64	6.7235
0191487845ef	58	65	6.8242
0191487845ef	59	66	6.9248
0191487845ef	60	67	7.0255
0191487845ef	61	68	7.1262
0191487845ef	62	69	7.2268
0191487845ef	63	70	7.3275
0191487845ef	64	71	7.4282
0191487845ef	65	72	7.5288
0191487845ef	66	73	7.6295
0191487845ef	67	74	7.7302
0191487845ef	68	75	7.8308
0191487845ef	69	76	7.9315
0191487845ef	70	77	8.0322
0191487845ef	71	78	8.1328
0191487845ef	72	79	8.2335
0191487845ef	73	80	8.3342
0191487845ef	74	81	8.4348
0191487845ef	75	82	8.5355
0191487845ef	76	83	8.6362
0191487845ef	77	84	8.7368
0191487845ef	78	85	8.8375
0191487845ef	79	86	8.9382
0191487845ef	80	87	9.0388
0191487845ef	81	88	9.1395
0191487845ef	82	89	9.2402
0191487845ef	83	90	9.3408
0191487845ef	84	91	9.4415
0191487845ef	85	92	9.5422
0191487845ef	86	93	9.6428
0191487845ef	87	94	9.7435
0191487845ef	88	95	9.8442
0191487845ef	89	96	9.9448
0191487845ef	90	97	10.0455
0191487845ef	91	98	10.1462
0191487845ef	92	99	10.2468
0191487845ef	93	100	10.3475
0191487845ef	94	101	10.4482
0191487845ef	95	102	10.5488
0191487845ef	96	103	10.6495
0191487845ef	97	104	10.7502
0191487845ef	98	105	10.8508
0191487845ef	99	106	10.9515
0191487845ef	100	107	11.0522
0191487845ef	101	108	11.1528
0191487845ef	102	109	11.2535
0191487845ef	103	110	11.3542
0191487845ef	104	111	11.4548
0191487845ef	105	112	11.5555
0191487845ef	106	113	11.6562
0191487845ef	107	114	11.7568
0191487845ef	108	115	11.8575
0191487845ef	109	116	11.9582
0191487845ef	110	117	12.0588
0191487845ef	111	118	12.1595
0191487845ef	112	119	12.2602
0191487845ef	113	120	12.3608
0191487845ef	114	121	12.4615
0191487845ef	115	122	12.5622
0191487845ef	116	123	12.6628
0191487845ef	117	124	12.7635
0191487845ef	118	125	12.8642
0191487845ef	119	126	12.9648
0191487845ef	120	127	13.0655
0191487845ef	121	128	13.1662
0191487845ef	122	129	13.2668
0191487845ef	123	130	13.3675
0191487845ef	124	131	13.4682
0191487845ef	125	132	13.5688
0191487845ef	126	133	13.6695
0191487845ef	127	134	13.7702
0191487845ef	128	135	13.8708
0191487845ef	129	136	13.9715
0191487845ef	130	137	14.0722
0191487845ef	131	138	14.1728
0191487845ef	132	139	14.2735
0191487845ef	133	140	14.3742
0191487845ef	134	141	14.4748
0191487845ef	135	142	14.5755
0191487845ef	136	143	14.6762
0191487845ef	137	144	14.7768
0191487845ef	138	145	14.8775
0191487845ef	139	146	14.9782
0191487845ef	140	147	15.0788
0191487845ef	141	148	15.1795
0191487845ef	142	149	15.2802
0191487845ef	143	150	15.3808
0191487845ef	144	151	15.4815
0191487845ef	145	152	15.5822
0191487845ef	146	153	15.6828
0191487845ef	147	154	15.7835
0191487845ef	148	155	15.8842
0191487845ef	149	156	15.9848
0191487845ef	150	157	16.0855
0191487845ef	151	158	16.1862
0191487845ef	152	159	16.2868
0191487845ef	153	160	16.3875
0191487845ef	154	161	16.4882
0191487845ef	155	162	16.5888
0191487845ef	156	163	16.6895
0191487845ef	157	164	16.7902
0191487845ef	158	165	16.8908
0191487845ef	159	166	16.9915
0191487845ef	160	167	17.0922
0191487845ef	161	168	17.1928
0191487845ef	162	169	17.2935
0191487845ef	163	170	17.3942
0191487845ef	164	171	17.4948
0191487845ef	165	172	17.5955
0191487845ef	166	173	17.6962
0191487845ef	167	174	17.7968
0191487845ef	168	175	17.8975
0191487845ef	169	176	17.9982
0191487845ef	170	177	18.0988
9f8bedcfb9de	0	7	0.9833
9f8bedcfb9de	1	8	1.0838
9f8bedcfb9de	2	9	1.1843
9f8bedcfb9de	3	10	1.2848
9f8bedcfb9de	4	11	1.3853
9f8bedcfb9de	5	12	1.4858
9f8bedcfb9de	6	13	1.5863
9f8bedcfb9de	7	14	1.6868
9f8bedcfb9de	8	15	1.7873
9f8bedcfb9de	9	16	1.8878
9f8bedcfb9de	10	17	1.9883
9f8bedcfb9de	11	18	2.0888
9f8bedcfb9de	12	19	2.1893
9f8bedcfb9de	13	20	2.2898
9f8bedcfb9de	14	21	2.3903
9f8bedcfb9de	15	22	2.4908
9f8bedcfb9de	16	23	2.5913
9f8bedcfb9de	17	24	2.6918
9f8bedcfb9de	18	25	2.7923
9f8bedcfb9de	19	26	2.8928
9f8bedcfb9de	20	27	2.9933
9f8bedcfb9de	21	28	3.0938
9f8bedcfb9de	22	29	3.1943
9f8bedcfb9de	23	30	3.2948
9f8bedcfb9de	24	31	3.3953
9f8bedcfb9de	25	32	3.4958
9f8bedcfb9de	26	33	3.5963
9f8bedcfb9de	27	34	3.6968
9f8bedcfb9de	28	35	3.7973
9f8bedcfb9de	29	36	3.8978
9f8bedcfb9de	30	37	3.9983
9f8bedcfb9de	31	38	4.0988
9f8bedcfb9de	32	39	4.1993
9f8bedcfb9de	33	40	4.2998
9f8bedcfb9de	34	41	4.4003
9f8bedcfb9de	35	42	4.5008
9f8bedcfb9de	36	43	4.6013
9f8bedcfb9de	37	44	4.7018
9f8bedcfb9de	38	45	4.8023
9f8bedcfb9de	39	46	4.9028
9f8bedcfb9de	40	47	5.0033
9f8bedcfb9de	41	48	5.1038
9f8bedcfb9de	42	49	5.2043
9f8bedcfb9de	43	50	5.3048
9f8bedcfb9de	44	51	5.4053
9f8bedcfb9de	45	52	5.5058
9f8bedcfb9de	46	53	5.6063
9f8bedcfb9de	47	54	5.7068
9f8bedcfb9de	48	55	5.8073
9f8bedcfb9de	49	56	5.9078
9f8bedcfb9de	50	57	6.0083
9f8bedcfb9de	51	58	6.1088
9f8bedcfb9de	52	59	6.2093
9f8bedcfb9de	53	60	6.3098
9f8bedcfb9de	54	61	6.4103
9f8bedcfb9de	55	62	6.5108
9f8bedcfb9de	56	63	6.6113
9f8bedcfb9de	57	64	6.7118
9f8bedcfb9de	58	65	6.8123
9f8bedcfb9de	59	66	6.9128
9f8bedcfb9de	60	67	7.0133
9f8bedcfb9de	61	68	7.1139
9f8bedcfb9de	62	69	7.2144
9f8bedcfb9de	63	70	7.3149
9f8bedcfb9de	64	71	7.4154
9f8bedcfb9de	65	72	7.5159
9f8bedcfb9de	66	73	7.6164
9f8bedcfb9de	67	74	7.7169
9f8bedcfb9de	68	75	7.8174
9f8bedcfb9de	69	76	7.9179
9f8bedcfb9de	70	77	8.0184
9f8bedcfb9de	71	78	8.1189
9f8bedcfb9de	72	79	8.2194
9f8bedcfb9de	73	80	8.3199
9f8bedcfb9de	74	81	8.4204
9f8bedcfb9de	75	82	8.5209
9f8bedcfb9de	76	83	8.6214
9f8bedcfb9de	77	84	8.7219
9f8bedcfb9de	78	85	8.8224
9f8bedcfb9de	79	86	8.9229
9f8bedcfb9de	80	87	9.0234
9f8bedcfb9de	81	88	9.1239
9f8bedcfb9de	82	89	9.2244
9f8bedcfb9de	83	90	9.3249
9f8bedcfb9de	84	91	9.4254
9f8bedcfb9de	85	92	9.5259
9f8bedcfb9de	86	93	9.6264
9f8bedcfb9de	87	94	9.7269
9f8bedcfb9de	88	95	9.8274
9f8bedcfb9de	89	96	9.9279
9f8bedcfb9de	90	97	10.0284
9f8bedcfb9de	91	98	10.1289
9f8bedcfb9de	92	99	10.2294
9f8bedcfb9de	93	100	10.3299
9f8bedcfb9de	94	101	10.4304
9f8bedcfb9de	95	102	10.5309
9f8bedcfb9de	96	103	10.6314
9f8bedcfb9de	97	104	10.7319
9f8bedcfb9de	98	105	10.8324
9f8bedcfb9de	99	106	10.9329
9f8bedcfb9de	100	107	11.0334
9f8bedcfb9de	101	108	11.1339
9f8bedcfb9de	102	109	11.2344
9f8bedcfb9de	103	110	11.3349
9f8bedcfb9de	104	111	11.4354
9f8bedcfb9de	105	112	11.5359
9f8bedcfb9de	106	113	11.6364
9f8bedcfb9de	107	114	11.7369
9f8bedcfb9de	108	115	11.8374
9f8bedcfb9de	109	116	11.9379
9f8bedcfb9de	110	117	12.0384
9f8bedcfb9de	111	118	12.1389
9f8bedcfb9de	112	119	12.2394
9f8bedcfb9de	113	120	12.3399
9f8bedcfb9de	114	121	12.4404
9f8bedcfb9de	115	122	12.5409
9f8bedcfb9de	116	123	12.6414
9f8bedcfb9de	117	124	12.7419
9f8bedcfb9de	118	125	12.8424
9f8bedcfb9de	119	126	12.9429
9f8bedcfb9de	120	127	13.0434
9f8bedcfb9de	121	128	13.1439
9f8bedcfb9de	122	129	13.2444
9f8bedcfb9de	123	130	13.3449
9f8bedcfb9de	124	131	13.4454
9f8bedcfb9de	125	132	13.5459
9f8bedcfb9de	126	133	13.6464
9f8bedcfb9de	127	134	13.7469
9f8bedcfb9de	128	135	13.8474
9f8bedcfb9de	129	136	13.9479
9f8bedcfb9de	130	137	14.0484
9f8bedcfb9de	131	138	14.1489
9f8bedcfb9de	132	139	14.2494
9f8bedcfb9de	133	140	14.3499
9f8bedcfb9de	134	141	14.4504
9f8bedcfb9de	135	142	14.5509
9f8bedcfb9de	136	143	14.6514
9f8bedcfb9de	137	144	14.7519
9f8bedcfb9de	138	145	14.8524
9f8bedcfb9de	139	146	14.9529
9f8bedcfb9de	140	147	15.0534
9f8bedcfb9de	141	148	15.1539
9f8bedcfb9de	142	149	15.2544
9f8bedcfb9de	143	150	15.3549
9f8bedcfb9de	144	151	15.4554
9f8bedcfb9de	145	152	15.5559
9f8bedcfb9de	146	153	15.6564
9f8bedcfb9de	147	154	15.7569
9f8bedcfb9de	148	155	15.8574
9f8bedcfb9de	149	156	15.9579
9f8bedcfb9de	150	157	16.0584
9f8bedcfb9de	151	158	16.1589
9f8bedcfb9de	152	159	16.2594
9f8bedcfb9de	153	160	16.3599
9f8bedcfb9de	154	161	16.4604
9f8bedcfb9de	155	162	16.5609
9f8bedcfb9de	156	163	16.6614
9f8bedcfb9de	157	164	16.7619
9f8bedcfb9de	158	165	16.8624
9f8bedcfb9de	159	166	16.9629
9f8bedcfb9de	160	167	17.0634
9f8bedcfb9de	161	168	17.1639
9f8bedcfb9de	162	169	17.2644
9f8bedcfb9de	163	170	17.3649
9f8bedcfb9de	164	171	17.4654
9f8bedcfb9de	165	172	17.5659
9f8bedcfb9de	166	173	17.6664
9f8bedcfb9de	167	174	17.7669
9f8bedcfb9de	168	175	17.8674
9f8bedcfb9de	169	176	17.9679
9f8bedcfb9de	170	177	18.0684
751cdd67811f	0	7	1.0002
751cdd67811f	1	8	1.1009
751cdd67811f	2	9	1.2016
751cdd67811f	3	10	1.3022
751cdd67811f	4	11	1.4029
751cdd67811f	5	12	1.5036
751cdd67811f	6	13	1.6042
751cdd67811f	7	14	1.7049
751cdd67811f	8	15	1.8056
751cdd67811f	9	16	1.9062
751cdd67811f	10	17	2.0069
751cdd67811f	11	18	2.1076
751cdd67811f	12	19	2.2082
751cdd67811f	13	20	2.3089
751cdd67811f	14	21	2.4096
751cdd67811f	15	22	2.5102
751cdd67811f	16	23	2.6109
751cdd67811f	17	24	2.7116
751cdd67811f	18	25	2.8122
751cdd67811f	19	26	2.9129
751cdd67811f	20	27	3.0136
751cdd67811f	21	28	3.1142
751cdd67811f	22	29	3.2149
751cdd67811f	23	30	3.3156
751cdd67811f	24	31	3.4162
751cdd67811f	25	32	3.5169
751cdd67811f	26	33	3.6176
751cdd67811f	27	34	3.7182
751cdd67811f	28	35	3.8189
751cdd67811f	29	36	3.9196
751cdd67811f	30	37	4.0202
751cdd67811f	31	38	4.1209
751cdd67811f	32	39	4.2216
751cdd67811f	33	40	4.3222
751cdd67811f	34	41	4.4229
751cdd67811f	35	42	4.5236
751cdd67811f	36	43	4.6242
751cdd67811f	37	44	4.7249
751cdd67811f	38	45	4.8256
751cdd67811f	39	46	4.9262
751cdd67811f	40	47	5.0269
751cdd67811f	41	48	5.1276
751cdd67811f	42	49	5.2282
751cdd67811f	43	50	5.3289
751cdd67811f	44	51	5.4296
751cdd67811f	45	52	5.5302
751cdd67811f	46	53	5.6309
751cdd67811f	47	54	5.7316
751cdd67811f	48	55	5.8322
751cdd67811f	49	56	5.9329
751cdd67811f	50	57	6.0336
751cdd67811f	51	58	6.1342
751cdd67811f	52	59	6.2349
751cdd67811f	53	60	6.3356
751cdd67811f	54	61	6.4362
751cdd67811f	55	62	6.5369
751cdd67811f	56	63	6.6376
751cdd67811f	57	64	6.7382
751cdd67811f	58	65	6.8389
751cdd67811f	59	66	6.9396
751cdd67811f	60	67	7.0402
751cdd67811f	61	68	7.1409
751cdd67811f	62	69	7.2416
751cdd67811f	63	70	7.3422
751cdd67811f	64	71	7.4429
751cdd67811f	65	72	7.5436
751cdd67811f	66	73	7.6442
751cdd67811f	67	74	7.7449
751cdd67811f	68	75	7.8456
751cdd67811f	69	76	7.9462
751cdd67811f	70	77	8.0469
751cdd67811f	71	78	8.1476
751cdd67811f	72	79	8.2482
751cdd67811f	73	80	8.3489
751cdd67811f	74	81	8.4496
751cdd67811f	75	82	8.5502
751cdd67811f	76	83	8.6509
751cdd67811f	77	84	8.7516
751cdd67811f	78	85	8.8522
751cdd67811f	79	86	8.9529
751cdd67811f	80	87	9.0536
751cdd67811f	81	88	9.1542
751cdd67811f	82	89	9.2549
751cdd67811f	83	90	9.3556
751cdd67811f	84	91	9.4562
751cdd67811f	85	92	9.5569
751cdd67811f	86	93	9.6576
751cdd67811f	87	94	9.7582
751cdd67811f	88	95	9.8589
751cdd67811f	89	96	9.9596
751cdd67811f	90	97	10.0602
751cdd67811f	91	98	10.1609
751cdd67811f	92	99	10.2616
751cdd67811f	93	100	10.3622
751cdd67811f	94	101	10.4629
751cdd67811f	95	102	10.5636
751cdd67811f	96	103	10.6642
751cdd67811f	97	104	10.7649
751cdd67811f	98	105	10.8656
751cdd67811f	99	106	10.9662
751cdd67811f	100	107	11.0669
751cdd67811f	101	108	11.1676
751cdd67811f	102	109	11.2682
751cdd67811f	103	110	11.3689
751cdd67811f	104	111	11.4696
751cdd67811f	105	112	11.5702
751cdd67811f	106	113	11.6709
751cdd67811f	107	114	11.7716
751cdd67811f	108	115	11.8722
751cdd67811f	109	116	11.9729
751cdd67811f	110	117	12.0736
751cdd67811f	111	118	12.1742
751cdd67811f	112	119	12.2749
751cdd67811f	113	120	12.3756
751cdd67811f	114	121	12.4762
751cdd67811f	115	122	12.5769
751cdd67811f	116	123	12.6776
751cdd67811f	117	124	12.7782
751cdd67811f	118	125	12.8789
751cdd67811f	119	126	12.9796
751cdd67811f	120	127	13.0802
751cdd67811f	121	128	13.1809
751cdd67811f	122	129	13.2816
751cdd67811f	123	130	13.3822
751cdd67811f	124	131	13.4829
751cdd67811f	125	132	13.5836
751cdd67811f	126	133	13.6842
751cdd67811f	127	134	13.7849
751cdd67811f	128	135	13.8856
751cdd67811f	129	136	13.9862
751cdd67811f	130	137	14.0869
751cdd67811f	131	138	14.1876
751cdd67811f	132	139	14.2882
751cdd67811f	133	140	14.3889
751cdd67811f	134	141	14.4896
751cdd67811f	135	142	14.5902
751cdd67811f	136	143	14.6909
751cdd67811f	137	144	14.7916
751cdd67811f	138	145	14.8922
751cdd67811f	139	146	14.9929
751cdd67811f	140	147	15.0936
751cdd67811f	141	148	15.1942
751cdd67811f	142	149	15.2949
751cdd67811f	143	150	15.3956
751cdd67811f	144	151	15.4962
751cdd67811f	145	152	15.5969
751cdd67811f	146	153	15.6976
751cdd67811f	147	154	15.7982
751cdd67811f	148	155	15.8989
751cdd67811f	149	156	15.9996
751cdd67811f	150	157	16.1002
751cdd67811f	151	158	16.2009
751cdd67811f	152	159	16.3016
751cdd67811f	153	160	16.4022
751cdd67811f	154	161	16.5029
751cdd67811f	155	162	16.6036
751cdd67811f	156	163	16.7042
751cdd67811f	157	164	16.8049
751cdd67811f	158	165	16.9056
751cdd67811f	159	166	17.0062
751cdd67811f	160	167	17.1069
751cdd67811f	161	168	17.2076
751cdd67811f	162	169	17.3082
751cdd67811f	163	170	17.4089
751cdd67811f	164	171	17.5096
751cdd67811f	165	172	17.6102
751cdd67811f	166	173	17.7109
751cdd67811f	167	174	17.8116
751cdd67811f	168	175	17.9122
751cdd67811f	169	176	18.0129
751cdd67811f	170	177	18.1136
49f68312b36e	0	7	1.0956
49f68312b36e	1	8	1.1962
49f68312b36e	2	9	1.2969
49f68312b36e	3	10	1.3976
49f68312b36e	4	11	1.4982
49f68312b36e	5	12	1.5989
49f68312b36e	6	13	1.6996
49f68312b36e	7	14	1.8002
49f68312b36e	8	15	1.9009
49f68312b36e	9	16	2.0016
49f68312b36e	10	17	2.1022
49f68312b36e	11	18	2.2029
49f68312b36e	12	19	2.3036
49f68312b36e	13	20	2.4042
49f68312b36e	14	21	2.5049
49f68312b36e	15	22	2.6056
49f68312b36e	16	23	2.7063
49f68312b36e	17	24	2.8069
49f68312b36e	18	25	2.9076
49f68312b36e	19	26	3.0083
49f68312b36e	20	27	3.1089
49f68312b36e	21	28	3.2096
49f68312b36e	22	29	3.3103
49f68312b36e	23	30	3.4109
49f68312b36e	24	31	3.5116
49f68312b36e	25	32	3.6123
49f68312b36e	26	33	3.7129
49f68312b36e	27	34	3.8136
49f68312b36e	28	35	3.9143
49f68312b36e	29	36	4.0149
49f68312b36e	30	37	4.1156
49f68312b36e	31	38	4.2163
49f68312b36e	32	39	4.3169
49f68312b36e	33	40	4.4176
49f68312b36e	34	41	4.5183
49f68312b36e	35	42	4.6189
49f68312b36e	36	43	4.7196
49f68312b36e	37	44	4.8203
49f68312b36e	38	45	4.921
49f68312b36e	39	46	5.0216
49f68312b36e	40	47	5.1223
49f68312b36e	41	48	5.223
49f68312b36e	42	49	5.3236
49f68312b36e	43	50	5.4243
49f68312b36e	44	51	5.525
49f68312b36e	45	52	5.6256
49f68312b36e	46	53	5.7263
49f68312b36e	47	54	5.827
49f68312b36e	48	55	5.9276
49f68312b36e	49	56	6.0283
49f68312b36e	50	57	6.129
49f68312b36e	51	58	6.2296
49f68312b36e	52	59	6.3303
49f68312b36e	53	60	6.431
49f68312b36e	54	61	6.5316
49f68312b36e	55	62	6.6323
49f68312b36e	56	63	6.733
49f68312b36e	57	64	6.8336
49f68312b36e	58	65	6.9343
49f68312b36e	59	66	7.035
49f68312b36e	60	67	7.1357
49f68312b36e	61	68	7.2363
49f68312b36e	62	69	7.337
49f68312b36e	63	70	7.4377
49f68312b36e	64	71	7.5383
49f68312b36e	65	72	7.639
49f68312b36e	66	73	7.7397
49f68312b36e	67	74	7.8403
49f68312b36e	68	75	7.941
49f68312b36e	69	76	8.0417
49f68312b36e	70	77	8.1423
49f68312b36e	71	78	8.243
49f68312b36e	72	79	8.3437
49f68312b36e	73	80	8.4443
49f68312b36e	74	81	8.545
49f68312b36e	75	82	8.6457
49f68312b36e	76	83	8.7463
49f68312b36e	77	84	8.847
49f68312b36e	78	85	8.9477
49f68312b36e	79	86	9.0484
49f68312b36e	80	87	9.149
49f68312b36e	81	88	9.2497
49f68312b36e	82	89	9.3504
49f68312b36e	83	90	9.451
49f68312b36e	84	91	9.5517
49f68312b36e	85	92	9.6524
49f68312b36e	86	93	9.753
49f68312b36e	87	94	9.8537
49f68312b36e	88	95	9.9544
49f68312b36e	89	96	10.055
49f68312b36e	90	97	10.1557
49f68312b36e	91	98	10.2564
49f68312b36e	92	99	10.357
49f68312b36e	93	100	10.4577
49f68312b36e	94	101	10.5584
49f68312b36e	95	102	10.659
49f68312b36e	96	103	10.7597
49f68312b36e	97	104	10.8604
49f68312b36e	98	105	10.961
49f68312b36e	99	106	11.0617
49f68312b36e	100	107	11.1624
49f68312b36e	101	108	11.2631
49f68312b36e	102	109	11.3637
49f68312b36e	103	110	11.4644
49f68312b36e	104	111	11.5651
49f68312b36e	105	112	11.6657
49f68312b36e	106	113	11.7664
49f68312b36e	107	114	11.8671
49f68312b36e	108	115	11.9677
49f68312b36e	109	116	12.0684
49f68312b36e	110	117	12.1691
49f68312b36e	111	118	12.2697
49f68312b36e	112	119	12.3704
49f68312b36e	113	120	12.4711
49f68312b36e	114	121	12.5717
49f68312b36e	115	122	12.6724
49f68312b36e	116	123	12.7731
49f68312b36e	117	124	12.8737
49f68312b36e	118	125	12.9744
49f68312b36e	119	126	13.0751
49f68312b36e	120	127	13.1757
49f68312b36e	121	128	13.2764
49f68312b36e	122	129	13.3771
49f68312b36e	123	130	13.4778
49f68312b36e	124	131	13.5784
49f68312b36e	125	132	13.6791
49f68312b36e	126	133	13.7798
49f68312b36e	127	134	13.8804
49f68312b36e	128	135	13.9811
49f68312b36e	129	136	14.0818
49f68312b36e	130	137	14.1824
49f68312b36e	131	138	14.2831
49f68312b36e	132	139	14.3838
49f68312b36e	133	140	14.4844
49f68312b36e	134	141	14.5851
49f68312b36e	135	142	14.6858
49f68312b36e	136	143	14.7864
49f68312b36e	137	144	14.8871
49f68312b36e	138	145	14.9878
49f68312b36e	139	146	15.0884
49f68312b36e	140	147	15.1891
49f68312b36e	141	148	15.2898
49f68312b36e	142	149	15.3905
49f68312b36e	143	150	15.4911
49f68312b36e	144	151	15.5918
49f68312b36e	145	152	15.6925
49f68312b36e	146	153	15.7931
49f68312b36e	147	154	15.8938
49f68312b36e	148	155	15.9945
49f68312b36e	149	156	16.0951
49f68312b36e	150	157	16.1958
49f68312b36e	151	158	16.2965
49f68312b36e	152	159	16.3971
49f68312b36e	153	160	16.4978
49f68312b36e	154	161	16.5985
49f68312b36e	155	162	16.6991
49f68312b36e	156	163	16.7998
49f68312b36e	157	164	16.9005
49f68312b36e	158	165	17.0011
49f68312b36e	159	166	17.1018
49f68312b36e	160	167	17.2025
49f68312b36e	161	168	17.3031
49f68312b36e	162	169	17.4038
49f68312b36e	163	170	17.5045
49f68312b36e	164	171	17.6052
49f68312b36e	165	172	17.7058
49f68312b36e	166	173	17.8065
49f68312b36e	167	174	17.9072
49f68312b36e	168	175	18.0078
49f68312b36e	169	176	18.1085
49f68312b36e	170	177	18.2092
7f6670448ef6	0	7	1.0597
7f6670448ef6	1	8	1.1602
7f6670448ef6	2	9	1.2607
7f6670448ef6	3	10	1.3612
7f6670448ef6	4	11	1.4617
7f6670448ef6	5	12	1.5622
7f6670448ef6	6	13	1.6627
7f6670448ef6	7	14	1.7632
7f6670448ef6	8	15	1.8637
7f6670448ef6	9	16	1.9642
7f6670448ef6	10	17	2.0647
7f6670448ef6	11	18	2.1652
7f6670448ef6	12	19	2.2657
7f6670448ef6	13	20	2.3662
7f6670448ef6	14	21	2.4667
7f6670448ef6	15	22	2.5672
7f6670448ef6	16	23	2.6677
7f6670448ef6	17	24	2.7682
7f6670448ef6	18	25	2.8687
7f6670448ef6	19	26	2.9692
7f6670448ef6	20	27	3.0697
7f6670448ef6	21	28	3.1702
7f6670448ef6	22	29	3.2707
7f6670448ef6	23	30	3.3712
7f6670448ef6	24	31	3.4717
7f6670448ef6	25	32	3.5722
7f6670448ef6	26	33	3.6727
7f6670448ef6	27	34	3.7732
7f6670448ef6	28	35	3.8737
7f6670448ef6	29	36	3.9742
7f6670448ef6	30	37	4.0747
7f6670448ef6	31	38	4.1752
7f6670448ef6	32	39	4.2757
7f6670448ef6	33	40	4.3762
7f6670448ef6	34	41	4.4767
7f6670448ef6	35	42	4.5772
7f6670448ef6	36	43	4.6777
7f6670448ef6	37	44	4.7782
7f6670448ef6	38	45	4.8787
7f6670448ef6	39	46	4.9792
7f6670448ef6	40	47	5.0797
7f6670448ef6	41	48	5.1802
7f6670448ef6	42	49	5.2807
7f6670448ef6	43	50	5.3812
7f6670448ef6	44	51	5.4817
7f6670448ef6	45	52	5.5822
7f6670448ef6	46	53	5.6827
7f6670448ef6	47	54	5.7831
7f6670448ef6	48	55	5.8836
7f6670448ef6	49	56	5.9841
7f6670448ef6	50	57	6.0846
7f6670448ef6	51	58	6.1851
7f6670448ef6	52	59	6.2856
7f6670448ef6	53	60	6.3861
7f6670448ef6	54	61	6.4866
7f6670448ef6	55	62	6.5871
7f6670448ef6	56	63	6.6876
7f6670448ef6	57	64	6.7881
7f6670448ef6	58	65	6.8886
7f6670448ef6	59	66	6.9891
7f6670448ef6	60	67	7.0896
7f6670448ef6	61	68	7.1901
7f6670448ef6	62	69	7.2906
7f6670448ef6	63	70	7.3911
7f6670448ef6	64	71	7.4916
7f6670448ef6	65	72	7.5921
7f6670448ef6	66	73	7.6926
7f6670448ef6	67	74	7.7931
7f6670448ef6	68	75	7.8936
7f6670448ef6	69	76	7.9941
7f6670448ef6	70	77	8.0946
7f6670448ef6	71	78	8.1951
7f6670448ef6	72	79	8.2956
7f6670448ef6	73	80	8.3961
7f6670448ef6	74	81	8.4966
7f6670448ef6	75	82	8.5971
7f6670448ef6	76	83	8.6976
7f6670448ef6	77	84	8.7981
7f6670448ef6	78	85	8.8986
7f6670448ef6	79	86	8.9991
7f6670448ef6	80	87	9.0996
7f6670448ef6	81	88	9.2001
7f6670448ef6	82	89	9.3006
7f6670448ef6	83	90	9.4011
7f6670448ef6	84	91	9.5016
7f6670448ef6	85	92	9.6021
7f6670448ef6	86	93	9.7026
7f6670448ef6	87	94	9.8031
7f6670448ef6	88	95	9.9036
7f6670448ef6	89	96	10.0041
7f6670448ef6	90	97	10.1046
7f6670448ef6	91	98	10.2051
7f6670448ef6	92	99	10.3056
7f6670448ef6	93	100	10.4061
7f6670448ef6	94	101	10.5066
7f6670448ef6	95	102	10.6071
7f6670448ef6	96	103	10.7075
7f6670448ef6	97	104	10.808
7f6670448ef6	98	105	10.9085
7f6670448ef6	99	106	11.009
7f6670448ef6	100	107	11.1095
7f6670448ef6	101	108	11.21
7f6670448ef6	102	109	11.3105
7f6670448ef6	103	110	11.411
7f6670448ef6	104	111	11.5115
7f6670448ef6	105	112	11.612
7f6670448ef6	106	113	11.7125
7f6670448ef6	107	114	11.813
7f6670448ef6	108	115	11.9135
7f6670448ef6	109	116	12.014
7f6670448ef6	110	117	12.1145
7f6670448ef6	111	118	12.215
7f6670448ef6	112	119	12.3155
7f6670448ef6	113	120	12.416
7f6670448ef6	114	121	12.5165
7f6670448ef6	115	122	12.617
7f6670448ef6	116	123	12.7175
7f6670448ef6	117	124	12.818
7f6670448ef6	118	125	12.9185
7f6670448ef6	119	126	13.019
7f6670448ef6	120	127	13.1195
7f6670448ef6	121	128	13.22
7f6670448ef6	122	129	13.3205
7f6670448ef6	123	130	13.421
7f6670448ef6	124	131	13.5215
7f6670448ef6	125	132	13.622
7f6670448ef6	126	133	13.7225
7f6670448ef6	127	134	13.823
7f6670448ef6	128	135	13.9235
7f6670448ef6	129	136	14.024
7f6670448ef6	130	137	14.1245
7f6670448ef6	131	138	14.225
7f6670448ef6	132	139	14.3255
7f6670448ef6	133	140	14.426
7f6670448ef6	134	141	14.5265
7f6670448ef6	135	142	14.627
7f6670448ef6	136	143	14.7275
7f6670448ef6	137	144	14.828
7f6670448ef6	138	145	14.9285
7f6670448ef6	139	146	15.029
7f6670448ef6	140	147	15.1295
7f6670448ef6	141	148	15.23
7f6670448ef6	142	149	15.3305
7f6670448ef6	143	150	15.431
7f6670448ef6	144	151	15.5314
7f6670448ef6	145	152	15.6319
7f6670448ef6	146	153	15.7324
7f6670448ef6	147	154	15.8329
7f6670448ef6	148	155	15.9334
7f6670448ef6	149	156	16.0339
7f6670448ef6	150	157	16.1344
7f6670448ef6	151	158	16.2349
7f6670448ef6	152	159	16.3354
7f6670448ef6	153	160	16.4359
7f6670448ef6	154	161	16.5364
7f6670448ef6	155	162	16.6369
7f6670448ef6	156	163	16.7374
7f6670448ef6	157	164	16.8379
7f6670448ef6	158	165	16.9384
7f6670448ef6	159	166	17.0389
7f6670448ef6	160	167	17.1394
7f6670448ef6	161	168	17.2399
7f6670448ef6	162	169	17.3404
7f6670448ef6	163	170	17.4409
7f6670448ef6	164	171	17.5414
7f6670448ef6	165	172	17.6419
7f6670448ef6	166	173	17.7424
7f6670448ef6	167	174	17.8429
7f6670448ef6	168	175	17.9434
7f6670448ef6	169	176	18.0439
7f6670448ef6	170	177	18.1444
7f6670448ef6	171	178	18.2449
198bb4517e28	0	7	1.009
198bb4517e28	1	8	1.1096
198bb4517e28	2	9	1.2103
198bb4517e28	3	10	1.311
198bb4517e28	4	11	1.4116
198bb4517e28	5	12	1.5123
198bb4517e28	6	13	1.613
198bb4517e28	7	14	1.7136
198bb4517e28	8	15	1.8143
198bb4517e28	9	16	1.915
198bb4517e28	10	17	2.0156
198bb4517e28	11	18	2.1163
198bb4517e28	12	19	2.217
198bb4517e28	13	20	2.3176
198bb4517e28	14	21	2.4183
198bb4517e28	15	22	2.519
198bb4517e28	16	23	2.6196
198bb4517e28	17	24	2.7203
198bb4517e28	18	25	2.821
198bb4517e28	19	26	2.9217
198bb4517e28	20	27	3.0223
198bb4517e28	21	28	3.123
198bb4517e28	22	29	3.2237
198bb4517e28	23	30	3.3243
198bb4517e28	24	31	3.425
198bb4517e28	25	32	3.5257
198bb4517e28	26	33	3.6263
198bb4517e28	27	34	3.727
198bb4517e28	28	35	3.8277
198bb4517e28	29	36	3.9283
198bb4517e28	30	37	4.029
198bb4517e28	31	38	4.1297
198bb4517e28	32	39	4.2303
198bb4517e28	33	40	4.331
198bb4517e28	34	41	4.4317
198bb4517e28	35	42	4.5323
198bb4517e28	36	43	4.633
198bb4517e28	37	44	4.7337
198bb4517e28	38	45	4.8343
198bb4517e28	39	46	4.935
198bb4517e28	40	47	5.0357
198bb4517e28	41	48	5.1363
198bb4517e28	42	49	5.237
198bb4517e28	43	50	5.3377
198bb4517e28	44	51	5.4383
198bb4517e28	45	52	5.539
198bb4517e28	46	53	5.6397
198bb4517e28	47	54	5.7403
198bb4517e28	48	55	5.841
198bb4517e28	49	56	5.9417
198bb4517e28	50	57	6.0423
198bb4517e28	51	58	6.143
198bb4517e28	52	59	6.2437
198bb4517e28	53	60	6.3443
198bb4517e28	54	61	6.445
198bb4517e28	55	62	6.5457
198bb4517e28	56	63	6.6463
198bb4517e28	57	64	6.747
198bb4517e28	58	65	6.8477
198bb4517e28	59	66	6.9484
198bb4517e28	60	67	7.049
198bb4517e28	61	68	7.1497
198bb4517e28	62	69	7.2504
198bb4517e28	63	70	7.351
198bb4517e28	64	71	7.4517
198bb4517e28	65	72	7.5524
198bb4517e28	66	73	7.653
198bb4517e28	67	74	7.7537
198bb4517e28	68	75	7.8544
198bb4517e28	69	76	7.955
198bb4517e28	70	77	8.0557
198bb4517e28	71	78	8.1564
198bb4517e28	72	79	8.257
198bb4517e28	73	80	8.3577
198bb4517e28	74	81	8.4584
198bb4517e28	75	82	8.559
198bb4517e28	76	83	8.6597
198bb4517e28	77	84	8.7604
198bb4517e28	78	85	8.861
198bb4517e28	79	86	8.9617
198bb4517e28	80	87	9.0624
198bb4517e28	81	88	9.163
198bb4517e28	82	89	9.2637
198bb4517e28	83	90	9.3644
198bb4517e28	84	91	9.465
198bb4517e28	85	92	9.5657
198bb4517e28	86	93	9.6664
198bb4517e28	87	94	9.767
198bb4517e28	88	95	9.8677
198bb4517e28	89	96	9.9684
198bb4517e28	90	97	10.069
198bb4517e28	91	98	10.1697
198bb4517e28	92	99	10.2704
198bb4517e28	93	100	10.371
198bb4517e28	94	101	10.4717
198bb4517e28	95	102	10.5724
198bb4517e28	96	103	10.673
198bb4517e28	97	104	10.7737
198bb4517e28	98	105	10.8744
198bb4517e28	99	106	10.975
198bb4517e28	100	107	11.0757
198bb4517e28	101	108	11.1764
198bb4517e28	102	109	11.2771
198bb4517e28	103	110	11.3777
198bb4517e28	104	111	11.4784
198bb4517e28	105	112	11.5791
198bb4517e28	106	113	11.6797
198bb4517e28	107	114	11.7804
198bb4517e28	108	115	11.8811
198bb4517e28	109	116	11.9817
198bb4517e28	110	117	12.0824
198bb4517e28	111	118	12.1831
198bb4517e28	112	119	12.2837
198bb4517e28	113	120	12.3844
198bb4517e28	114	121	12.4851
198bb4517e28	115	122	12.5857
198bb4517e28	116	123	12.6864
198bb4517e28	117	124	12.7871
198bb4517e28	118	125	12.8877
198bb4517e28	119	126	12.9884
198bb4517e28	120	127	13.0891
198bb4517e28	121	128	13.1897
198bb4517e28	122	129	13.2904
198bb4517e28	123	130	13.3911
198bb4517e28	124	131	13.4917
198bb4517e28	125	132	13.5924
198bb4517e28	126	133	13.6931
198bb4517e28	127	134	13.7937
198bb4517e28	128	135	13.8944
198bb4517e28	129	136	13.9951
198bb4517e28	130	137	14.0957
198bb4517e28	131	138	14.1964
198bb4517e28	132	139	14.2971
198bb4517e28	133	140	14.3977
198bb4517e28	134	141	14.4984
198bb4517e28	135	142	14.5991
198bb4517e28	136	143	14.6997
198bb4517e28	137	144	14.8004
198bb4517e28	138	145	14.9011
198bb4517e28	139	146	15.0017
198bb4517e28	140	147	15.1024
198bb4517e28	141	148	15.2031
198bb4517e28	142	149	15.3038
198bb4517e28	143	150	15.4044
198bb4517e28	144	151	15.5051
198bb4517e28	145	152	15.6058
198bb4517e28	146	153	15.7064
198bb4517e28	147	154	15.8071
198bb4517e28	148	155	15.9078
198bb4517e28	149	156	16.0084
198bb4517e28	150	157	16.1091
198bb4517e28	151	158	16.2098
198bb4517e28	152	159	16.3104
198bb4517e28	153	160	16.4111
198bb4517e28	154	161	16.5118
198bb4517e28	155	162	16.6124
198bb4517e28	156	163	16.7131
198bb4517e28	157	164	16.8138
198bb4517e28	158	165	16.9144
198bb4517e28	159	166	17.0151
198bb4517e28	160	167	17.1158
198bb4517e28	161	168	17.2164
198bb4517e28	162	169	17.3171
198bb4517e28	163	170	17.4178
198bb4517e28	164	171	17.5184
198bb4517e28	165	172	17.6191
198bb4517e28	166	173	17.7198
198bb4517e28	167	174	17.8204
198bb4517e28	168	175	17.9211
198bb4517e28	169	176	18.0218
198bb4517e28	170	177	18.1224
e01bd05b8e43	0	7	1.0676
e01bd05b8e43	1	8	1.1683
e01bd05b8e43	2	9	1.2689
e01bd05b8e43	3	10	1.3696
e01bd05b8e43	4	11	1.4703
e01bd05b8e43	5	12	1.5709
e01bd05b8e43	6	13	1.6716
e01bd05b8e43	7	14	1.7723
e01bd05b8e43	8	15	1.8729
e01bd05b8e43	9	16	1.9736
e01bd05b8e43	10	17	2.0743
e01bd05b8e43	11	18	2.1749
e01bd05b8e43	12	19	2.2756
e01bd05b8e43	13	20	2.3763
e01bd05b8e43	14	21	2.4769
e01bd05b8e43	15	22	2.5776
e01bd05b8e43	16	23	2.6783
e01bd05b8e43	17	24	2.7789
e01bd05b8e43	18	25	2.8796
e01bd05b8e43	19	26	2.9803
e01bd05b8e43	20	27	3.0809
e01bd05b8e43	21	28	3.1816
e01bd05b8e43	22	29	3.2823
e01bd05b8e43	23	30	3.3829
e01bd05b8e43	24	31	3.4836
e01bd05b8e43	25	32	3.5843
e01bd05b8e43	26	33	3.6849
e01bd05b8e43	27	34	3.7856
e01bd05b8e43	28	35	3.8863
e01bd05b8e43	29	36	3.9869
e01bd05b8e43	30	37	4.0876
e01bd05b8e43	31	38	4.1883
e01bd05b8e43	32	39	4.2889
e01bd05b8e43	33	40	4.3896
e01bd05b8e43	34	41	4.4903
e01bd05b8e43	35	42	4.5909
e01bd05b8e43	36	43	4.6916
e01bd05b8e43	37	44	4.7923
e01bd05b8e43	38	45	4.8929
e01bd05b8e43	39	46	4.9936
e01bd05b8e43	40	47	5.0943
e01bd05b8e43	41	48	5.1949
e01bd05b8e43	42	49	5.2956
e01bd05b8e43	43	50	5.3963
e01bd05b8e43	44	51	5.4969
e01bd05b8e43	45	52	5.5976
e01bd05b8e43	46	53	5.6983
e01bd05b8e43	47	54	5.7989
e01bd05b8e43	48	55	5.8996
e01bd05b8e43	49	56	6.0003
e01bd05b8e43	50	57	6.1009
e01bd05b8e43	51	58	6.2016
e01bd05b8e43	52	59	6.3023
e01bd05b8e43	53	60	6.4029
e01bd05b8e43	54	61	6.5036
e01bd05b8e43	55	62	6.6043
e01bd05b8e43	56	63	6.7049
e01bd05b8e43	57	64	6.8056
e01bd05b8e43	58	65	6.9063
e01bd05b8e43	59	66	7.0069
e01bd05b8e43	60	67	7.1076
e01bd05b8e43	61	68	7.2083
e01bd05b8e43	62	69	7.3089
e01bd05b8e43	63	70	7.4096
e01bd05b8e43	64	71	7.5103
e01bd05b8e43	65	72	7.6109
e01bd05b8e43	66	73	7.7116
e01bd05b8e43	67	74	7.8123
e01bd05b8e43	68	75	7.9129
e01bd05b8e43	69	76	8.0136
e01bd05b8e43	70	77	8.1143
e01bd05b8e43	71	78	8.2149
e01bd05b8e43	72	79	8.3156
e01bd05b8e43	73	80	8.4163
e01bd05b8e43	74	81	8.5169
e01bd05b8e43	75	82	8.6176
e01bd05b8e43	76	83	8.7183
e01bd05b8e43	77	84	8.8189
e01bd05b8e43	78	85	8.9196
e01bd05b8e43	79	86	9.0203
e01bd05b8e43	80	87	9.1209
e01bd05b8e43	81	88	9.2216
e01bd05b8e43	82	89	9.3223
e01bd05b8e43	83	90	9.4229
e01bd05b8e43	84	91	9.5236
e01bd05b8e43	85	92	9.6243
e01bd05b8e43	86	93	9.7249
e01bd05b8e43	87	94	9.8256
e01bd05b8e43	88	95	9.9263
e01bd05b8e43	89	96	10.0269
e01bd05b8e43	90	97	10.1276
e01bd05b8e43	91	98	10.2283
e01bd05b8e43	92	99	10.3289
e01bd05b8e43	93	100	10.4296
e01bd05b8e43	94	101	10.5303
e01bd05b8e43	95	102	10.6309
e01bd05b8e43	96	103	10.7316
e01bd05b8e43	97	104	10.8323
e01bd05b8e43	98	105	10.9329
e01bd05b8e43	99	106	11.0336
e01bd05b8e43	100	107	11.1343
e01bd05b8e43	101	108	11.2349
e01bd05b8e43	102	109	11.3356
e01bd05b8e43	103	110	11.4363
e01bd05b8e43	104	111	11.5369
e01bd05b8e43	105	112	11.6376
e01bd05b8e43	106	113	11.7383
e01bd05b8e43	107	114	11.8389
e01bd05b8e43	108	115	11.9396
e01bd05b8e43	109	116	12.0403
e01bd05b8e43	110	117	12.1409
e01bd05b8e43	111	118	12.2416
e01bd05b8e43	112	119	12.3423
e01bd05b8e43	113	120	12.4429
e01bd05b8e43	114	121	12.5436
e01bd05b8e43	115	122	12.6443
e01bd05b8e43	116	123	12.7449
e01bd05b8e43	117	124	12.8456
e01bd05b8e43	118	125	12.9463
e01bd05b8e43	119	126	13.0469
e01bd05b8e43	120	127	13.1476
e01bd05b8e43	121	128	13.2483
e01bd05b8e43	122	129	13.3489
e01bd05b8e43	123	130	13.4496
e01bd05b8e43	124	131	13.5503
e01bd05b8e43	125	132	13.6509
e01bd05b8e43	126	133	13.7516
e01bd05b8e43	127	134	13.8523
e01bd05b8e43	128	135	13.9529
e01bd05b8e43	129	136	14.0536
e01bd05b8e43	130	137	14.1543
e01bd05b8e43	131	138	14.2549
e01bd05b8e43	132	139	14.3556
e01bd05b8e43	133	140	14.4563
e01bd05b8e43	134	141	14.5569
e01bd05b8e43	135	142	14.6576
e01bd05b8e43	136	143	14.7583
e01bd05b8e43	137	144	14.8589
e01bd05b8e43	138	145	14.9596
e01bd05b8e43	139	146	15.0603
e01bd05b8e43	140	147	15.1609
e01bd05b8e43	141	148	15.2616
e01bd05b8e43	142	149	15.3623
e01bd05b8e43	143	150	15.4629
e01bd05b8e43	144	151	15.5636
e01bd05b8e43	145	152	15.6643
e01bd05b8e43	146	153	15.7649
e01bd05b8e43	147	154	15.8656
e01bd05b8e43	148	155	15.9663
e01bd05b8e43	149	156	16.0669
e01bd05b8e43	150	157	16.1676
e01bd05b8e43	151	158	16.2683
e01bd05b8e43	152	159	16.3689
e01bd05b8e43	153	160	16.4696
e01bd05b8e43	154	161	16.5703
e01bd05b8e43	155	162	16.6709
e01bd05b8e43	156	163	16.7716
e01bd05b8e43	157	164	16.8723
e01bd05b8e43	158	165	16.9729
e01bd05b8e43	159	166	17.0736
e01bd05b8e43	160	167	17.1743
e01bd05b8e43	161	168	17.2749
e01bd05b8e43	162	169	17.3756
e01bd05b8e43	163	170	17.4763
e01bd05b8e43	164	171	17.5769
e01bd05b8e43	165	172	17.6776
e01bd05b8e43	166	173	17.7783
e01bd05b8e43	167	174	17.8789
e01bd05b8e43	168	175	17.9796
e01bd05b8e43	169	176	18.0803
e01bd05b8e43	170	177	18.1809
37616735658b	0	7	0.9902
37616735658b	1	8	1.0909
37616735658b	2	9	1.1915
37616735658b	3	10	1.2922
37616735658b	4	11	1.3929
37616735658b	5	12	1.4935
37616735658b	6	13	1.5942
37616735658b	7	14	1.6949
37616735658b	8	15	1.7955
37616735658b	9	16	1.8962
37616735658b	10	17	1.9969
37616735658b	11	18	2.0975
37616735658b	12	19	2.1982
37616735658b	13	20	2.2989
37616735658b	14	21	2.3995
37616735658b	15	22	2.5002
37616735658b	16	23	2.6009
37616735658b	17	24	2.7015
37616735658b	18	25	2.8022
37616735658b	19	26	2.9029
37616735658b	20	27	3.0035
37616735658b	21	28	3.1042
37616735658b	22	29	3.2049
37616735658b	23	30	3.3055
37616735658b	24	31	3.4062
37616735658b	25	32	3.5069
37616735658b	26	33	3.6075
37616735658b	27	34	3.7082
37616735658b	28	35	3.8089
37616735658b	29	36	3.9095
37616735658b	30	37	4.0102
37616735658b	31	38	4.1109
37616735658b	32	39	4.2115
37616735658b	33	40	4.3122
37616735658b	34	41	4.4129
37616735658b	35	42	4.5135
37616735658b	36	43	4.6142
37616735658b	37	44	4.7149
37616735658b	38	45	4.8155
37616735658b	39	46	4.9162
37616735658b	40	47	5.0169
37616735658b	41	48	5.1175
37616735658b	42	49	5.2182
37616735658b	43	50	5.3189
37616735658b	44	51	5.4195
37616735658b	45	52	5.5202
37616735658b	46	53	5.6209
37616735658b	47	54	5.7215
37616735658b	48	55	5.8222
37616735658b	49	56	5.9229
37616735658b	50	57	6.0235
37616735658b	51	58	6.1242
37616735658b	52	59	6.2249
37616735658b	53	60	6.3255
37616735658b	54	61	6.4262
37616735658b	55	62	6.5269
37616735658b	56	63	6.6275
37616735658b	57	64	6.7282
37616735658b	58	65	6.8289
37616735658b	59	66	6.9295
37616735658b	60	67	7.0302
37616735658b	61	68	7.1309
37616735658b	62	69	7.2315
37616735658b	63	70	7.3322
37616735658b	64	71	7.4329
37616735658b	65	72	7.5335
37616735658b	66	73	7.6342
37616735658b	67	74	7.7349
37616735658b	68	75	7.8355
37616735658b	69	76	7.9362
37616735658b	70	77	8.0369
37616735658b	71	78	8.1375
37616735658b	72	79	8.2382
37616735658b	73	80	8.3389
37616735658b	74	81	8.4395
37616735658b	75	82	8.5402
37616735658b	76	83	8.6409
37616735658b	77	84	8.7415
37616735658b	78	85	8.8422
37616735658b	79	86	8.9429
37616735658b	80	87	9.0435
37616735658b	81	88	9.1442
37616735658b	82	89	9.2449
37616735658b	83	90	9.3455
37616735658b	84	91	9.4462
37616735658b	85	92	9.5469
37616735658b	86	93	9.6475
37616735658b	87	94	9.7482
37616735658b	88	95	9.8489
37616735658b	89	96	9.9495
37616735658b	90	97	10.0502
37616735658b	91	98	10.1509
37616735658b	92	99	10.2515
37616735658b	93	100	10.3522
37616735658b	94	101	10.4529
37616735658b	95	102	10.5535
37616735658b	96	103	10.6542
37616735658b	97	104	10.7549
37616735658b	98	105	10.8555
37616735658b	99	106	10.9562
37616735658b	100	107	11.0569
37616735658b	101	108	11.1575
37616735658b	102	109	11.2582
37616735658b	103	110	11.3589
37616735658b	104	111	11.4595
37616735658b	105	112	11.5602
37616735658b	106	113	11.6609
37616735658b	107	114	11.7615
37616735658b	108	115	11.8622
37616735658b	109	116	11.9629
37616735658b	110	117	12.0635
37616735658b	111	118	12.1642
37616735658b	112	119	12.2649
37616735658b	113	120	12.3655
37616735658b	114	121	12.4662
37616735658b	115	122	12.5669
37616735658b	116	123	12.6675
37616735658b	117	124	12.7682
37616735658b	118	125	12.8689
37616735658b	119	126	12.9695
37616735658b	120	127	13.0702
37616735658b	121	128	13.1709
37616735658b	122	129	13.2715
37616735658b	123	130	13.3722
37616735658b	124	131	13.4729
37616735658b	125	132	13.5735
37616735658b	126	133	13.6742
37616735658b	127	134	13.7749
37616735658b	128	135	13.8755
37616735658b	129	136	13.9762
37616735658b	130	137	14.0769
37616735658b	131	138	14.1775
37616735658b	132	139	14.2782
37616735658b	133	140	14.3789
37616735658b	134	141	14.4795
37616735658b	135	142	14.5802
37616735658b	136	143	14.6809
37616735658b	137	144	14.7815
37616735658b	138	145	14.8822
37616735658b	139	146	14.9829
37616735658b	140	147	15.0835
37616735658b	141	148	15.1842
37616735658b	142	149	15.2849
37616735658b	143	150	15.3855
37616735658b	144	151	15.4862
37616735658b	145	152	15.5869
37616735658b	146	153	15.6875
37616735658b	147	154	15.7882
37616735658b	148	155	15.8889
37616735658b	149	156	15.9895
37616735658b	150	157	16.0902
37616735658b	151	158	16.1909
37616735658b	152	159	16.2915
37616735658b	153	160	16.3922
37616735658b	154	161	16.4929
37616735658b	155	162	16.5935
37616735658b	156	163	16.6942
37616735658b	157	164	16.7949
37616735658b	158	165	16.8955
37616735658b	159	166	16.9962
37616735658b	160	167	17.0969
37616735658b	161	168	17.1975
37616735658b	162	169	17.2982
37616735658b	163	170	17.3989
37616735658b	164	171	17.4995
37616735658b	165	172	17.6002
37616735658b	166	173	17.7008
37616735658b	167	174	17.8015
37616735658b	168	175	17.9022
37616735658b	169	176	18.0028
37616735658b	170	177	18.1035
