/home/nvidia/epcache_prefix	24396457120	episode-cache prefix of the parity corpus, 41 d untouched; the canonical cyl cache stays in data/
/home/nvidia/nurec_scenes	8361923686	NuRec sample scenes, 42 d
/home/nvidia/ckpt_snaps	7406440064	v6F fp16 snapshots, 23-28 d
/home/nvidia/experiments/v6F-SW-30k	7057482880	finished v6F run, 23 d
/home/nvidia/backup/v1arch-v2bal	6604573120	v1arch-v2bal backup, 42 d (the small refav1-ship-20260902 code snapshot beside it stays)
/home/nvidia/valdata	5999072623	val raw + small cyl copy, 41 d (thor_phase.sh, 22 d old, reads it); canonical val cache stays in data/
/home/nvidia/trt_c2	5152817291	TensorRT engines, 42 d
/home/nvidia/models/flagship-v1-speedjerk	3308560551	checkpoint, 42 d (also on HF)
/home/nvidia/models/v5f	3248559873	checkpoint, 42 d
/home/nvidia/models/flagship-v4.2b	3243119083	checkpoint, 42 d
/home/nvidia/models/rollout-recovery	3159631598	checkpoint, 43 d (pull_weights.sh, 43 d old, downloads it)
/home/nvidia/models/refc-xl	3024039665	checkpoint, 43 d
/home/nvidia/nurec_work	2947390219	NuRec work dir, 42 d
/home/nvidia/trt	2774130276	TensorRT engines, 43 d (regenerable from ONNX)
/home/nvidia/alpasim	1591185248	AlpaSim local files, 42 d
/home/nvidia/trt_d1	1560585373	TensorRT engines, 42 d
/home/nvidia/trt_b1	1431119427	TensorRT engines, 42 d
/home/nvidia/trt_deploy	1391691651	TensorRT engines, 42 d
/home/nvidia/models/refc-base	1250859972	checkpoint, 43 d
/home/nvidia/trt_b1b	1212675960	TensorRT engines, 42 d
/home/nvidia/trt_c2b	996672522	TensorRT engines, 42 d
/home/nvidia/sam3map/4fbd97b6a4b7_v3raw	812372496	superseded SAM3-map iteration / intermediate (results banked in the repo; regenerable from native7 + code)
/home/nvidia/sam3map/4fbd97b6a4b7	786380857	superseded SAM3-map iteration / intermediate (results banked in the repo; regenerable from native7 + code)
/home/nvidia/sam3map/4fbd97b6a4b7_v2	757458624	superseded SAM3-map iteration / intermediate (results banked in the repo; regenerable from native7 + code)
/home/nvidia/sam3map/v20_4fbd97b6a4b7_v2	757458624	superseded SAM3-map iteration / intermediate (results banked in the repo; regenerable from native7 + code)
/home/nvidia/sam3map/4fbd97b6a4b7_v61	746180045	superseded SAM3-map iteration / intermediate (results banked in the repo; regenerable from native7 + code)
/home/nvidia/sam3map/4fbd97b6a4b7_v61z	746103277	superseded SAM3-map iteration / intermediate (results banked in the repo; regenerable from native7 + code)
/home/nvidia/sam3map/4fbd97b6a4b7_v61r	745425564	superseded SAM3-map iteration / intermediate (results banked in the repo; regenerable from native7 + code)
/home/nvidia/sam3map/4fbd97b6a4b7_v6zraw	732416105	superseded SAM3-map iteration / intermediate (results banked in the repo; regenerable from native7 + code)
/home/nvidia/sam3map/4fbd97b6a4b7_v6rraw	731622996	superseded SAM3-map iteration / intermediate (results banked in the repo; regenerable from native7 + code)
/home/nvidia/sam3map/73495082f98b_v6rraw	728284894	superseded SAM3-map iteration / intermediate (results banked in the repo; regenerable from native7 + code)
/home/nvidia/sam3map/73495082f98b_v6zraw	728108548	superseded SAM3-map iteration / intermediate (results banked in the repo; regenerable from native7 + code)
/home/nvidia/sam3map/73495082f98b_v6szraw	726976941	superseded SAM3-map iteration / intermediate (results banked in the repo; regenerable from native7 + code)
/home/nvidia/sam3map/4fbd97b6a4b7_v6szraw	722388245	superseded SAM3-map iteration / intermediate (results banked in the repo; regenerable from native7 + code)
/home/nvidia/sam3map/73495082f98b_v61	717851280	superseded SAM3-map iteration / intermediate (results banked in the repo; regenerable from native7 + code)
/home/nvidia/sam3map/4fbd97b6a4b7_v6z	717481919	superseded SAM3-map iteration / intermediate (results banked in the repo; regenerable from native7 + code)
/home/nvidia/sam3map/4fbd97b6a4b7_v6	717376829	superseded SAM3-map iteration / intermediate (results banked in the repo; regenerable from native7 + code)
/home/nvidia/sam3map/73495082f98b_v61r	716720951	superseded SAM3-map iteration / intermediate (results banked in the repo; regenerable from native7 + code)
/home/nvidia/sam3map/4fbd97b6a4b7_v6r	716627672	superseded SAM3-map iteration / intermediate (results banked in the repo; regenerable from native7 + code)
/home/nvidia/sam3map/73495082f98b_v61z	716607237	superseded SAM3-map iteration / intermediate (results banked in the repo; regenerable from native7 + code)
/home/nvidia/sam3map/73495082f98b_v6	707938087	superseded SAM3-map iteration / intermediate (results banked in the repo; regenerable from native7 + code)
/home/nvidia/sam3map/4fbd97b6a4b7_v6sz	707322365	superseded SAM3-map iteration / intermediate (results banked in the repo; regenerable from native7 + code)
/home/nvidia/sam3map/73495082f98b_v6z	706861651	superseded SAM3-map iteration / intermediate (results banked in the repo; regenerable from native7 + code)
/home/nvidia/sam3map/73495082f98b_v6r	706830667	superseded SAM3-map iteration / intermediate (results banked in the repo; regenerable from native7 + code)
/home/nvidia/sam3map/4fbd97b6a4b7_v61sz	706591581	superseded SAM3-map iteration / intermediate (results banked in the repo; regenerable from native7 + code)
/home/nvidia/sam3map/73495082f98b_v6sz	705274409	superseded SAM3-map iteration / intermediate (results banked in the repo; regenerable from native7 + code)
/home/nvidia/sam3map/73495082f98b_v61sz	704508391	superseded SAM3-map iteration / intermediate (results banked in the repo; regenerable from native7 + code)
/home/nvidia/trt_c5	698368448	TensorRT engines, 42 d
/home/nvidia/rq_out	647032407	42 d
/home/nvidia/sam3map/4fbd97b6a4b7_v61n	631257850	superseded SAM3-map iteration / intermediate (results banked in the repo; regenerable from native7 + code)
/home/nvidia/sam3map/4fbd97b6a4b7_v6nraw	628685521	superseded SAM3-map iteration / intermediate (results banked in the repo; regenerable from native7 + code)
/home/nvidia/sam3map/4fbd97b6a4b7_v6n	613243676	superseded SAM3-map iteration / intermediate (results banked in the repo; regenerable from native7 + code)
/home/nvidia/sam3map/4fbd97b6a4b7_v2_stale_killed	595923426	superseded SAM3-map iteration / intermediate (results banked in the repo; regenerable from native7 + code)
/home/nvidia/sam3map/73495082f98b_v3raw	593840360	superseded SAM3-map iteration / intermediate (results banked in the repo; regenerable from native7 + code)
/home/nvidia/sam3map/73495082f98b	584411668	superseded SAM3-map iteration / intermediate (results banked in the repo; regenerable from native7 + code)
/home/nvidia/sam3map/73495082f98b_v6nraw	576475011	superseded SAM3-map iteration / intermediate (results banked in the repo; regenerable from native7 + code)
/home/nvidia/sam3map/73495082f98b_v3	573981499	superseded SAM3-map iteration / intermediate (results banked in the repo; regenerable from native7 + code)
/home/nvidia/sam3map/73495082f98b_v61n	561884512	superseded SAM3-map iteration / intermediate (results banked in the repo; regenerable from native7 + code)
/home/nvidia/sam3map/73495082f98b_v6n	553980395	superseded SAM3-map iteration / intermediate (results banked in the repo; regenerable from native7 + code)
/home/nvidia/sam3map/73495082f98b_v2	548450213	superseded SAM3-map iteration / intermediate (results banked in the repo; regenerable from native7 + code)
/home/nvidia/sam3map/v20_73495082f98b_v2	547718523	superseded SAM3-map iteration / intermediate (results banked in the repo; regenerable from native7 + code)
/home/nvidia/models/refc-base-e1b-clsft	527079439	checkpoint, 43 d
/home/nvidia/sam3map/73495082f98b_v31raw	417734382	superseded SAM3-map iteration / intermediate (results banked in the repo; regenerable from native7 + code)
/home/nvidia/sam3map/part_4fbd97b6a4b7_v61	325785641	superseded SAM3-map iteration / intermediate (results banked in the repo; regenerable from native7 + code)
/home/nvidia/sam3map/INVALID20_4fbd97b6a4b7_v61r	162757880	superseded SAM3-map iteration / intermediate (results banked in the repo; regenerable from native7 + code)
/home/nvidia/sam3map/INVALID20_4fbd97b6a4b7_v6rraw	155942018	superseded SAM3-map iteration / intermediate (results banked in the repo; regenerable from native7 + code)
/home/nvidia/sam3map/INVALID20_4fbd97b6a4b7_v6r	153307216	superseded SAM3-map iteration / intermediate (results banked in the repo; regenerable from native7 + code)
/home/nvidia/sam3map/reproj_v65e5_73495082f98b	131445274	superseded SAM3-map iteration / intermediate (results banked in the repo; regenerable from native7 + code)
/home/nvidia/sam3map/reproj2_v65e6nb_73495082f98b	130767576	superseded SAM3-map iteration / intermediate (results banked in the repo; regenerable from native7 + code)
/home/nvidia/sam3map/reproj2_v65d0_73495082f98b	130737843	superseded SAM3-map iteration / intermediate (results banked in the repo; regenerable from native7 + code)
/home/nvidia/sam3map/reproj_v65d_73495082f98b	130410159	superseded SAM3-map iteration / intermediate (results banked in the repo; regenerable from native7 + code)
/home/nvidia/sam3map/reproj2_v65rs2_73495082f98b	130205121	superseded SAM3-map iteration / intermediate (results banked in the repo; regenerable from native7 + code)
/home/nvidia/sam3map/reproj2_v65zr_73495082f98b	130178530	superseded SAM3-map iteration / intermediate (results banked in the repo; regenerable from native7 + code)
/home/nvidia/sam3map/reproj2_v65r_73495082f98b	130174391	superseded SAM3-map iteration / intermediate (results banked in the repo; regenerable from native7 + code)
/home/nvidia/sam3map/render5_73495082f98b_v61n	128899706	superseded SAM3-map iteration / intermediate (results banked in the repo; regenerable from native7 + code)
/home/nvidia/sam3map/render5_73495082f98b_v65ca	128024936	superseded SAM3-map iteration / intermediate (results banked in the repo; regenerable from native7 + code)
/home/nvidia/sam3map/render5_73495082f98b_v61z	127687133	superseded SAM3-map iteration / intermediate (results banked in the repo; regenerable from native7 + code)
/home/nvidia/sam3map/render5_73495082f98b_v61r	127664288	superseded SAM3-map iteration / intermediate (results banked in the repo; regenerable from native7 + code)
/home/nvidia/sam3map/render5_73495082f98b_v61	127598340	superseded SAM3-map iteration / intermediate (results banked in the repo; regenerable from native7 + code)
/home/nvidia/sam3map/reproj_v65c_73495082f98b	127582449	superseded SAM3-map iteration / intermediate (results banked in the repo; regenerable from native7 + code)
/home/nvidia/sam3map/render5_73495082f98b_v65a	127295971	superseded SAM3-map iteration / intermediate (results banked in the repo; regenerable from native7 + code)
/home/nvidia/sam3map/render5_73495082f98b_v65ba	127119474	superseded SAM3-map iteration / intermediate (results banked in the repo; regenerable from native7 + code)
/home/nvidia/sam3map/render5_73495082f98b_v65sa	127106998	superseded SAM3-map iteration / intermediate (results banked in the repo; regenerable from native7 + code)
/home/nvidia/sam3map/render_73495082f98b_v6	123374381	superseded SAM3-map iteration / intermediate (results banked in the repo; regenerable from native7 + code)
/home/nvidia/sam3map/reproj2_v65d0_4fbd97b6a4b7	110733463	superseded SAM3-map iteration / intermediate (results banked in the repo; regenerable from native7 + code)
/home/nvidia/sam3map/reproj2_v65e6nb_4fbd97b6a4b7	110728630	superseded SAM3-map iteration / intermediate (results banked in the repo; regenerable from native7 + code)
/home/nvidia/sam3map/reproj_v65d_4fbd97b6a4b7	110708426	superseded SAM3-map iteration / intermediate (results banked in the repo; regenerable from native7 + code)
/home/nvidia/sam3map/reproj2_v65rs2_4fbd97b6a4b7	110274526	superseded SAM3-map iteration / intermediate (results banked in the repo; regenerable from native7 + code)
/home/nvidia/sam3map/reproj2_v65zr_4fbd97b6a4b7	110259943	superseded SAM3-map iteration / intermediate (results banked in the repo; regenerable from native7 + code)
/home/nvidia/sam3map/reproj2_v65r_4fbd97b6a4b7	110246480	superseded SAM3-map iteration / intermediate (results banked in the repo; regenerable from native7 + code)
/home/nvidia/sam3map/render_f63e215a546a_v5	110176119	superseded SAM3-map iteration / intermediate (results banked in the repo; regenerable from native7 + code)
/home/nvidia/sam3map/render5_4fbd97b6a4b7_v65ca	107546069	superseded SAM3-map iteration / intermediate (results banked in the repo; regenerable from native7 + code)
/home/nvidia/sam3map/render5_4fbd97b6a4b7_v61n	106558730	superseded SAM3-map iteration / intermediate (results banked in the repo; regenerable from native7 + code)
/home/nvidia/sam3map/render5_4fbd97b6a4b7_v63	106408665	superseded SAM3-map iteration / intermediate (results banked in the repo; regenerable from native7 + code)
/home/nvidia/sam3map/render5_4fbd97b6a4b7_v61fp	106388710	superseded SAM3-map iteration / intermediate (results banked in the repo; regenerable from native7 + code)
/home/nvidia/sam3map/render5_4fbd97b6a4b7_v62	105884619	superseded SAM3-map iteration / intermediate (results banked in the repo; regenerable from native7 + code)
/home/nvidia/sam3map/render5_4fbd97b6a4b7_v64	105819437	superseded SAM3-map iteration / intermediate (results banked in the repo; regenerable from native7 + code)
/home/nvidia/sam3map/render5_4fbd97b6a4b7_v61z	105706341	superseded SAM3-map iteration / intermediate (results banked in the repo; regenerable from native7 + code)
/home/nvidia/sam3map/render5_4fbd97b6a4b7_v61r	105698036	superseded SAM3-map iteration / intermediate (results banked in the repo; regenerable from native7 + code)
/home/nvidia/sam3map/render5_4fbd97b6a4b7_v61	105660057	superseded SAM3-map iteration / intermediate (results banked in the repo; regenerable from native7 + code)
/home/nvidia/sam3map/render5_4fbd97b6a4b7_v61_first	105461476	superseded SAM3-map iteration / intermediate (results banked in the repo; regenerable from native7 + code)
/home/nvidia/sam3map/render5_4fbd97b6a4b7_v65sa	105388063	superseded SAM3-map iteration / intermediate (results banked in the repo; regenerable from native7 + code)
/home/nvidia/sam3map/render5_4fbd97b6a4b7_v65a	105328034	superseded SAM3-map iteration / intermediate (results banked in the repo; regenerable from native7 + code)
/home/nvidia/sam3map/render_73495082f98b_v2	103624478	superseded SAM3-map iteration / intermediate (results banked in the repo; regenerable from native7 + code)
/home/nvidia/sam3map/v20_render_73495082f98b_v2	103591271	superseded SAM3-map iteration / intermediate (results banked in the repo; regenerable from native7 + code)
/home/nvidia/sam3map/render_73495082f98b_v3	103309844	superseded SAM3-map iteration / intermediate (results banked in the repo; regenerable from native7 + code)
/home/nvidia/sam3map/render_73495082f98b	103103287	superseded SAM3-map iteration / intermediate (results banked in the repo; regenerable from native7 + code)
/home/nvidia/sam3map/render_4fbd97b6a4b7_v6	102140347	superseded SAM3-map iteration / intermediate (results banked in the repo; regenerable from native7 + code)
/home/nvidia/sam3map/render_b5d9b91e6637_v5	98211667	superseded SAM3-map iteration / intermediate (results banked in the repo; regenerable from native7 + code)
/home/nvidia/sam3map/render5_73495082f98b_v65cf	97563498	superseded SAM3-map iteration / intermediate (results banked in the repo; regenerable from native7 + code)
/home/nvidia/sam3map/render5_73495082f98b_v65f	96501863	superseded SAM3-map iteration / intermediate (results banked in the repo; regenerable from native7 + code)
/home/nvidia/sam3map/render5_73495082f98b_v61f	96322867	superseded SAM3-map iteration / intermediate (results banked in the repo; regenerable from native7 + code)
/home/nvidia/sam3map/render5_73495082f98b_v65sf	96309696	superseded SAM3-map iteration / intermediate (results banked in the repo; regenerable from native7 + code)
/home/nvidia/sam3map/render5_73495082f98b_v65bf	96189323	superseded SAM3-map iteration / intermediate (results banked in the repo; regenerable from native7 + code)
/home/nvidia/sam3map/1f1f05ca011d_v3raw	94707743	superseded SAM3-map iteration / intermediate (results banked in the repo; regenerable from native7 + code)
/home/nvidia/sam3map/1f1f05ca011d_v3	91620752	superseded SAM3-map iteration / intermediate (results banked in the repo; regenerable from native7 + code)
/home/nvidia/sam3map/cmp_front_vs_all_73495082f98b	89369660	superseded SAM3-map iteration / intermediate (results banked in the repo; regenerable from native7 + code)
/home/nvidia/sam3map/cmp65b_front_vs_all_73495082f98b	89047832	superseded SAM3-map iteration / intermediate (results banked in the repo; regenerable from native7 + code)
/home/nvidia/sam3map/cmp65s_front_vs_all_73495082f98b	88920697	superseded SAM3-map iteration / intermediate (results banked in the repo; regenerable from native7 + code)
/home/nvidia/sam3map/cmp65_front_vs_all_73495082f98b	88789458	superseded SAM3-map iteration / intermediate (results banked in the repo; regenerable from native7 + code)
/home/nvidia/sam3map/cmp65c_front_vs_all_73495082f98b	88571539	superseded SAM3-map iteration / intermediate (results banked in the repo; regenerable from native7 + code)
/home/nvidia/sam3map/render_4fbd97b6a4b7_v2	88508131	superseded SAM3-map iteration / intermediate (results banked in the repo; regenerable from native7 + code)
/home/nvidia/sam3map/v20_render_4fbd97b6a4b7_v2	88508131	superseded SAM3-map iteration / intermediate (results banked in the repo; regenerable from native7 + code)
/home/nvidia/sam3map/render_4fbd97b6a4b7	87813311	superseded SAM3-map iteration / intermediate (results banked in the repo; regenerable from native7 + code)
/home/nvidia/sam3map/b975bf8ebf95_v3raw	86558716	superseded SAM3-map iteration / intermediate (results banked in the repo; regenerable from native7 + code)
/home/nvidia/sam3map/d672fc17a315_v3raw	84327013	superseded SAM3-map iteration / intermediate (results banked in the repo; regenerable from native7 + code)
/home/nvidia/sam3map/render_d672fc17a315_v5	82437476	superseded SAM3-map iteration / intermediate (results banked in the repo; regenerable from native7 + code)
/home/nvidia/sam3map/b975bf8ebf95_v3	82184798	superseded SAM3-map iteration / intermediate (results banked in the repo; regenerable from native7 + code)
/home/nvidia/sam3map/d672fc17a315_v3	82016503	superseded SAM3-map iteration / intermediate (results banked in the repo; regenerable from native7 + code)
/home/nvidia/sam3map/render5_4fbd97b6a4b7_v65cf	80491580	superseded SAM3-map iteration / intermediate (results banked in the repo; regenerable from native7 + code)
/home/nvidia/sam3map/render5_4fbd97b6a4b7_v65sf	77788396	superseded SAM3-map iteration / intermediate (results banked in the repo; regenerable from native7 + code)
/home/nvidia/sam3map/render5_4fbd97b6a4b7_v65f	77706993	superseded SAM3-map iteration / intermediate (results banked in the repo; regenerable from native7 + code)
/home/nvidia/sam3map/render5_4fbd97b6a4b7_v61f	77674040	superseded SAM3-map iteration / intermediate (results banked in the repo; regenerable from native7 + code)
/home/nvidia/sam3map/render_c1dc66b6ae42_v5	75510980	superseded SAM3-map iteration / intermediate (results banked in the repo; regenerable from native7 + code)
/home/nvidia/sam3map/cmp_front_vs_all_4fbd97b6a4b7	74881744	superseded SAM3-map iteration / intermediate (results banked in the repo; regenerable from native7 + code)
/home/nvidia/sam3map/render_41f10d46174e_v5	74642105	superseded SAM3-map iteration / intermediate (results banked in the repo; regenerable from native7 + code)
/home/nvidia/sam3map/cmp65s_front_vs_all_4fbd97b6a4b7	74612374	superseded SAM3-map iteration / intermediate (results banked in the repo; regenerable from native7 + code)
/home/nvidia/sam3map/cmp65_front_vs_all_4fbd97b6a4b7	74607907	superseded SAM3-map iteration / intermediate (results banked in the repo; regenerable from native7 + code)
/home/nvidia/sam3map/cmp65c_front_vs_all_4fbd97b6a4b7	74520434	superseded SAM3-map iteration / intermediate (results banked in the repo; regenerable from native7 + code)
/home/nvidia/sam3map/26015e788849_v3raw	73035902	superseded SAM3-map iteration / intermediate (results banked in the repo; regenerable from native7 + code)
/home/nvidia/sam3map/c1dc66b6ae42_v3raw	71071013	superseded SAM3-map iteration / intermediate (results banked in the repo; regenerable from native7 + code)
/home/nvidia/sam3map/render5_1f1f05ca011d_v51	71024073	superseded SAM3-map iteration / intermediate (results banked in the repo; regenerable from native7 + code)
/home/nvidia/sam3map/render5_1f1f05ca011d_v5	70735113	superseded SAM3-map iteration / intermediate (results banked in the repo; regenerable from native7 + code)
/home/nvidia/sam3map/render_b975bf8ebf95_v5	69660844	superseded SAM3-map iteration / intermediate (results banked in the repo; regenerable from native7 + code)
/home/nvidia/sam3map/ctl_render_1f1f05ca011d_v5	68338566	superseded SAM3-map iteration / intermediate (results banked in the repo; regenerable from native7 + code)
/home/nvidia/sam3map/render_1f1f05ca011d_v5	68338566	superseded SAM3-map iteration / intermediate (results banked in the repo; regenerable from native7 + code)
/home/nvidia/sam3map/41f10d46174e_v5raw	67861373	superseded SAM3-map iteration / intermediate (results banked in the repo; regenerable from native7 + code)
/home/nvidia/sam3map/26015e788849_v3	67728014	superseded SAM3-map iteration / intermediate (results banked in the repo; regenerable from native7 + code)
/home/nvidia/sam3map/render_d672fc17a315_v3	66927821	superseded SAM3-map iteration / intermediate (results banked in the repo; regenerable from native7 + code)
/home/nvidia/sam3map/render_26015e788849_v5	66018195	superseded SAM3-map iteration / intermediate (results banked in the repo; regenerable from native7 + code)
/home/nvidia/sam3map/4fbd97b6a4b7_v6szfraw	65916571	superseded SAM3-map iteration / intermediate (results banked in the repo; regenerable from native7 + code)
/home/nvidia/sam3map/4fbd97b6a4b7_spdREGraw	65599214	superseded SAM3-map iteration / intermediate (results banked in the repo; regenerable from native7 + code)
/home/nvidia/sam3map/4fbd97b6a4b7_v6fraw	65592793	superseded SAM3-map iteration / intermediate (results banked in the repo; regenerable from native7 + code)
/home/nvidia/sam3map/41f10d46174e_v5	65550902	superseded SAM3-map iteration / intermediate (results banked in the repo; regenerable from native7 + code)
/home/nvidia/sam3map/4fbd97b6a4b7_spdAraw	65157246	superseded SAM3-map iteration / intermediate (results banked in the repo; regenerable from native7 + code)
/home/nvidia/sam3map/4fbd97b6a4b7_spdF2araw	65154061	superseded SAM3-map iteration / intermediate (results banked in the repo; regenerable from native7 + code)
/home/nvidia/sam3map/4fbd97b6a4b7_spdF2raw	65153993	superseded SAM3-map iteration / intermediate (results banked in the repo; regenerable from native7 + code)
/home/nvidia/sam3map/4fbd97b6a4b7_spdF3araw	65152809	superseded SAM3-map iteration / intermediate (results banked in the repo; regenerable from native7 + code)
/home/nvidia/sam3map/4fbd97b6a4b7_spdF3raw	65152736	superseded SAM3-map iteration / intermediate (results banked in the repo; regenerable from native7 + code)
/home/nvidia/sam3map/4fbd97b6a4b7_spdF1araw	65147106	superseded SAM3-map iteration / intermediate (results banked in the repo; regenerable from native7 + code)
/home/nvidia/sam3map/4fbd97b6a4b7_spdF1raw	65147039	superseded SAM3-map iteration / intermediate (results banked in the repo; regenerable from native7 + code)
/home/nvidia/sam3map/4fbd97b6a4b7_spdSraw	65145938	superseded SAM3-map iteration / intermediate (results banked in the repo; regenerable from native7 + code)
/home/nvidia/sam3map/4fbd97b6a4b7_spdP2araw	65144516	superseded SAM3-map iteration / intermediate (results banked in the repo; regenerable from native7 + code)
/home/nvidia/sam3map/render_c1dc66b6ae42_v3	65140812	superseded SAM3-map iteration / intermediate (results banked in the repo; regenerable from native7 + code)
/home/nvidia/sam3map/4fbd97b6a4b7_spdP5araw	65086975	superseded SAM3-map iteration / intermediate (results banked in the repo; regenerable from native7 + code)
/home/nvidia/sam3map/4fbd97b6a4b7_spdP3araw	65082437	superseded SAM3-map iteration / intermediate (results banked in the repo; regenerable from native7 + code)
/home/nvidia/sam3map/render_1f1f05ca011d_v4	64606315	superseded SAM3-map iteration / intermediate (results banked in the repo; regenerable from native7 + code)
/home/nvidia/sam3map/c1dc66b6ae42_v3	64032199	superseded SAM3-map iteration / intermediate (results banked in the repo; regenerable from native7 + code)
/home/nvidia/sam3map/4fbd97b6a4b7_spdREG	63912044	superseded SAM3-map iteration / intermediate (results banked in the repo; regenerable from native7 + code)
/home/nvidia/sam3map/4fbd97b6a4b7_spdREGc	63863519	superseded SAM3-map iteration / intermediate (results banked in the repo; regenerable from native7 + code)
/home/nvidia/sam3map/render_b975bf8ebf95_v3	63046907	superseded SAM3-map iteration / intermediate (results banked in the repo; regenerable from native7 + code)
/home/nvidia/sam3map/render_1f1f05ca011d_v3	62288431	superseded SAM3-map iteration / intermediate (results banked in the repo; regenerable from native7 + code)
/home/nvidia/sam3map/4fbd97b6a4b7_v61f	62225576	superseded SAM3-map iteration / intermediate (results banked in the repo; regenerable from native7 + code)
/home/nvidia/sam3map/4fbd97b6a4b7_v6szf	62094310	superseded SAM3-map iteration / intermediate (results banked in the repo; regenerable from native7 + code)
/home/nvidia/sam3map/4fbd97b6a4b7_v61szf	62049475	superseded SAM3-map iteration / intermediate (results banked in the repo; regenerable from native7 + code)
/home/nvidia/sam3map/render_1f1f05ca011d_v3_prefix	61922810	superseded SAM3-map iteration / intermediate (results banked in the repo; regenerable from native7 + code)
/home/nvidia/sam3map/4fbd97b6a4b7_v6f	61770407	superseded SAM3-map iteration / intermediate (results banked in the repo; regenerable from native7 + code)
/home/nvidia/sam3map/4fbd97b6a4b7_spdA	61335318	superseded SAM3-map iteration / intermediate (results banked in the repo; regenerable from native7 + code)
/home/nvidia/sam3map/4fbd97b6a4b7_spdF2a	61328170	superseded SAM3-map iteration / intermediate (results banked in the repo; regenerable from native7 + code)
/home/nvidia/sam3map/4fbd97b6a4b7_spdF2	61328030	superseded SAM3-map iteration / intermediate (results banked in the repo; regenerable from native7 + code)
/home/nvidia/sam3map/4fbd97b6a4b7_spdF3a	61327018	superseded SAM3-map iteration / intermediate (results banked in the repo; regenerable from native7 + code)
/home/nvidia/sam3map/4fbd97b6a4b7_spdF3	61326884	superseded SAM3-map iteration / intermediate (results banked in the repo; regenerable from native7 + code)
/home/nvidia/sam3map/4fbd97b6a4b7_spdF1a	61325288	superseded SAM3-map iteration / intermediate (results banked in the repo; regenerable from native7 + code)
/home/nvidia/sam3map/4fbd97b6a4b7_spdF1	61325122	superseded SAM3-map iteration / intermediate (results banked in the repo; regenerable from native7 + code)
/home/nvidia/sam3map/4fbd97b6a4b7_spdS	61324574	superseded SAM3-map iteration / intermediate (results banked in the repo; regenerable from native7 + code)
/home/nvidia/sam3map/4fbd97b6a4b7_spdP2a	61322830	superseded SAM3-map iteration / intermediate (results banked in the repo; regenerable from native7 + code)
/home/nvidia/sam3map/4fbd97b6a4b7_spdAc	61288665	superseded SAM3-map iteration / intermediate (results banked in the repo; regenerable from native7 + code)
/home/nvidia/sam3map/4fbd97b6a4b7_spdF2ac	61281449	superseded SAM3-map iteration / intermediate (results banked in the repo; regenerable from native7 + code)
/home/nvidia/sam3map/4fbd97b6a4b7_spdF2c	61281350	superseded SAM3-map iteration / intermediate (results banked in the repo; regenerable from native7 + code)
/home/nvidia/sam3map/4fbd97b6a4b7_spdF3ac	61280277	superseded SAM3-map iteration / intermediate (results banked in the repo; regenerable from native7 + code)
/home/nvidia/sam3map/4fbd97b6a4b7_spdF3c	61280164	superseded SAM3-map iteration / intermediate (results banked in the repo; regenerable from native7 + code)
/home/nvidia/sam3map/4fbd97b6a4b7_spdP5a	61279990	superseded SAM3-map iteration / intermediate (results banked in the repo; regenerable from native7 + code)
/home/nvidia/sam3map/4fbd97b6a4b7_spdF1ac	61278589	superseded SAM3-map iteration / intermediate (results banked in the repo; regenerable from native7 + code)
/home/nvidia/sam3map/4fbd97b6a4b7_spdF1c	61278473	superseded SAM3-map iteration / intermediate (results banked in the repo; regenerable from native7 + code)
/home/nvidia/sam3map/4fbd97b6a4b7_spdSc	61277911	superseded SAM3-map iteration / intermediate (results banked in the repo; regenerable from native7 + code)
/home/nvidia/sam3map/4fbd97b6a4b7_spdP2ac	61277061	superseded SAM3-map iteration / intermediate (results banked in the repo; regenerable from native7 + code)
/home/nvidia/sam3map/4fbd97b6a4b7_spdP3a	61274401	superseded SAM3-map iteration / intermediate (results banked in the repo; regenerable from native7 + code)
/home/nvidia/sam3map/4fbd97b6a4b7_spdP3ac	61228634	superseded SAM3-map iteration / intermediate (results banked in the repo; regenerable from native7 + code)
/home/nvidia/sam3map/4fbd97b6a4b7_spdP5ac	61203226	superseded SAM3-map iteration / intermediate (results banked in the repo; regenerable from native7 + code)
/home/nvidia/sam3map/73495082f98b_v6szfraw	58986438	superseded SAM3-map iteration / intermediate (results banked in the repo; regenerable from native7 + code)
/home/nvidia/sam3map/73495082f98b_v6fraw	58618128	superseded SAM3-map iteration / intermediate (results banked in the repo; regenerable from native7 + code)
/home/nvidia/sam3map/73495082f98b_spdSraw	58447942	superseded SAM3-map iteration / intermediate (results banked in the repo; regenerable from native7 + code)
/home/nvidia/sam3map/73495082f98b_spdAraw	58418443	superseded SAM3-map iteration / intermediate (results banked in the repo; regenerable from native7 + code)
/home/nvidia/sam3map/73495082f98b_spdP2araw	58415629	superseded SAM3-map iteration / intermediate (results banked in the repo; regenerable from native7 + code)
/home/nvidia/sam3map/73495082f98b_spdF3araw	58411680	superseded SAM3-map iteration / intermediate (results banked in the repo; regenerable from native7 + code)
/home/nvidia/sam3map/73495082f98b_spdF3raw	58411629	superseded SAM3-map iteration / intermediate (results banked in the repo; regenerable from native7 + code)
/home/nvidia/sam3map/73495082f98b_spdF1araw	58410648	superseded SAM3-map iteration / intermediate (results banked in the repo; regenerable from native7 + code)
/home/nvidia/sam3map/73495082f98b_spdF1raw	58410606	superseded SAM3-map iteration / intermediate (results banked in the repo; regenerable from native7 + code)
/home/nvidia/sam3map/73495082f98b_spdF2araw	58410503	superseded SAM3-map iteration / intermediate (results banked in the repo; regenerable from native7 + code)
/home/nvidia/sam3map/73495082f98b_spdF2raw	58410449	superseded SAM3-map iteration / intermediate (results banked in the repo; regenerable from native7 + code)
/home/nvidia/sam3map/73495082f98b_spdP5araw	58193987	superseded SAM3-map iteration / intermediate (results banked in the repo; regenerable from native7 + code)
/home/nvidia/sam3map/73495082f98b_spdP3araw	58158756	superseded SAM3-map iteration / intermediate (results banked in the repo; regenerable from native7 + code)
/home/nvidia/sam3map/73495082f98b_spdREGraw	58111214	superseded SAM3-map iteration / intermediate (results banked in the repo; regenerable from native7 + code)
/home/nvidia/sam3map/73495082f98b_spdREG	56243908	superseded SAM3-map iteration / intermediate (results banked in the repo; regenerable from native7 + code)
/home/nvidia/sam3map/73495082f98b_spdREGc	56168292	superseded SAM3-map iteration / intermediate (results banked in the repo; regenerable from native7 + code)
/home/nvidia/sam3map/73495082f98b_v61f	55432163	superseded SAM3-map iteration / intermediate (results banked in the repo; regenerable from native7 + code)
/home/nvidia/sam3map/73495082f98b_v6szf	55154154	superseded SAM3-map iteration / intermediate (results banked in the repo; regenerable from native7 + code)
/home/nvidia/sam3map/73495082f98b_v61szf	55086460	superseded SAM3-map iteration / intermediate (results banked in the repo; regenerable from native7 + code)
/home/nvidia/sam3map/73495082f98b_v6f	54895493	superseded SAM3-map iteration / intermediate (results banked in the repo; regenerable from native7 + code)
/home/nvidia/sam3map/73495082f98b_spdS	54617324	superseded SAM3-map iteration / intermediate (results banked in the repo; regenerable from native7 + code)
/home/nvidia/sam3map/73495082f98b_spdA	54589448	superseded SAM3-map iteration / intermediate (results banked in the repo; regenerable from native7 + code)
/home/nvidia/sam3map/73495082f98b_spdP2a	54587184	superseded SAM3-map iteration / intermediate (results banked in the repo; regenerable from native7 + code)
/home/nvidia/sam3map/73495082f98b_spdF3a	54584463	superseded SAM3-map iteration / intermediate (results banked in the repo; regenerable from native7 + code)
/home/nvidia/sam3map/73495082f98b_spdF3	54584333	superseded SAM3-map iteration / intermediate (results banked in the repo; regenerable from native7 + code)
/home/nvidia/sam3map/73495082f98b_spdF2a	54582709	superseded SAM3-map iteration / intermediate (results banked in the repo; regenerable from native7 + code)
/home/nvidia/sam3map/73495082f98b_spdF2	54582582	superseded SAM3-map iteration / intermediate (results banked in the repo; regenerable from native7 + code)
/home/nvidia/sam3map/73495082f98b_spdF1a	54580777	superseded SAM3-map iteration / intermediate (results banked in the repo; regenerable from native7 + code)
/home/nvidia/sam3map/73495082f98b_spdF1	54580638	superseded SAM3-map iteration / intermediate (results banked in the repo; regenerable from native7 + code)
/home/nvidia/sam3map/73495082f98b_spdSc	54541714	superseded SAM3-map iteration / intermediate (results banked in the repo; regenerable from native7 + code)
/home/nvidia/sam3map/73495082f98b_spdAc	54513877	superseded SAM3-map iteration / intermediate (results banked in the repo; regenerable from native7 + code)
/home/nvidia/sam3map/73495082f98b_spdP2ac	54512954	superseded SAM3-map iteration / intermediate (results banked in the repo; regenerable from native7 + code)
/home/nvidia/sam3map/73495082f98b_spdF3ac	54508935	superseded SAM3-map iteration / intermediate (results banked in the repo; regenerable from native7 + code)
/home/nvidia/sam3map/73495082f98b_spdF3c	54508831	superseded SAM3-map iteration / intermediate (results banked in the repo; regenerable from native7 + code)
/home/nvidia/sam3map/73495082f98b_spdF2ac	54507773	superseded SAM3-map iteration / intermediate (results banked in the repo; regenerable from native7 + code)
/home/nvidia/sam3map/73495082f98b_spdF2c	54507664	superseded SAM3-map iteration / intermediate (results banked in the repo; regenerable from native7 + code)
/home/nvidia/sam3map/73495082f98b_spdF1ac	54504409	superseded SAM3-map iteration / intermediate (results banked in the repo; regenerable from native7 + code)
/home/nvidia/sam3map/73495082f98b_spdF1c	54504303	superseded SAM3-map iteration / intermediate (results banked in the repo; regenerable from native7 + code)
/home/nvidia/sam3map/73495082f98b_spdP5a	54482927	superseded SAM3-map iteration / intermediate (results banked in the repo; regenerable from native7 + code)
/home/nvidia/sam3map/73495082f98b_spdP5ac	54478999	superseded SAM3-map iteration / intermediate (results banked in the repo; regenerable from native7 + code)
/home/nvidia/sam3map/73495082f98b_spdP3a	54394209	superseded SAM3-map iteration / intermediate (results banked in the repo; regenerable from native7 + code)
/home/nvidia/sam3map/73495082f98b_spdP3ac	54319980	superseded SAM3-map iteration / intermediate (results banked in the repo; regenerable from native7 + code)
