# H-DAC-DEF-1 stratum-D sweep. One label per sheet, from the images alone.
# No map is shown. ⛔ The overlay is NOT depth-tested: a ground point behind a raised
# object is drawn over it, which biases a reader TOWARD over-boundary.
# on-surface: every part of the car stayed on roadway a car may drive on — including paint, markings and crosswalks painted ON the roadway
# over-boundary: some part of the car crossed onto a surface that is not roadway — pavement, verge, traffic island, or past a raised kerb
# cannot-tell: the images do not show the surface under the relevant part of the car well enough to decide
blind_id,label,note
S01,,
S02,,
S03,,
S04,,
S05,,
S06,,
S07,,
S08,,
S09,,
S10,,
S11,,
S12,,
S13,,
S14,,
S15,,
S16,,
S17,,
S18,,
S19,,
S20,,
S21,,
S22,,
S23,,
S24,,
S25,,
S26,,
S27,,
S28,,
S29,,
S30,,
S31,,
S32,,
S33,,
S34,,
S35,,
S36,,
S37,,
S38,,
S39,,
S40,,
S41,,
S42,,
S43,,
S44,,
S45,,
S46,,
S47,,
S48,,
S49,,
S50,,
S51,,
S52,,
S53,,
S54,,
S55,,
S56,,
S57,,
S58,,
