clip,file,w,t,v0,curved,w_pointwise_ep,r_pointwise_ep,true_wheelbase_m,L_enc_exact,w_window,dyaw_pose_win,lat_ol_off,lon_ol_off,lat_ha_off,lon_ha_off,lat_ol_on,lon_ol_on,lat_ha_on,lon_ha_on,lat_ha0,lon_ha0,lat_ol_on_trueWB,lon_ol_on_trueWB,lat_ol_on_fitPW,lon_ol_on_fitPW
01be5919-6e61-45ba-a193-5f447efb4b51,ep000.npz,0,3,10.27579116821289,1,3.077429564352769,0.9995648496386329,2.73000001907349,2.899999986093444,3.7183120825443265,0.03548418707214296,0.32098016296513376,0.03725049495697021,0.028896959545090795,0.16991140842437744,0.023675656504929067,0.052868437767028806,0.07747512073256076,0.1717141389846802,0.13332761810161173,0.7719794511795044,0.033432526607066394,0.052597975730895995,0.014641551207751036,0.05310542583465576
01be5919-6e61-45ba-a193-5f447efb4b51,ep000.npz,1,13,8.38466739654541,0,3.077429564352769,0.9995648496386329,2.73000001907349,2.899999986093444,,0.012942496687173843,0.1324015467427671,0.02974238395690918,0.13520102202892303,0.05406577587127685,0.025649759662337603,0.02757129669189453,0.026615599635988474,0.051927733421325686,0.030571826547384263,0.19268910884857177,0.029149189800955357,0.027608275413513184,0.022409713524393738,0.027538609504699708
01be5919-6e61-45ba-a193-5f447efb4b51,ep000.npz,2,23,7.991096019744873,0,3.077429564352769,0.9995648496386329,2.73000001907349,2.899999986093444,,0.0019530951976776123,0.1583202530629933,0.057933914661407473,0.1730005863122642,0.08589421510696411,0.040276700723916294,0.055608856678009036,0.04534659367054701,0.08270496129989624,0.022159510850906373,0.038691723346710206,0.04414618480950594,0.0556489109992981,0.03669402161613107,0.05557328462600708
01be5919-6e61-45ba-a193-5f447efb4b51,ep000.npz,3,33,7.924529075622559,0,3.077429564352769,0.9995648496386329,2.73000001907349,2.899999986093444,,-0.005690954625606537,0.04075394977699034,0.04748815298080444,0.03161384562117746,0.026266157627105713,0.032249589123239275,0.04747153520584106,0.029097822427138452,0.026264965534210205,0.027773599326610564,0.024257957935333252,0.032528314131195654,0.047472012042999265,0.03199152554880129,0.047471153736114505
01be5919-6e61-45ba-a193-5f447efb4b51,ep000.npz,4,43,7.728107929229736,1,3.077429564352769,0.9995648496386329,2.73000001907349,2.899999986093444,2.618133727329789,-0.09949475526809692,0.06834753182483837,0.014335525035858155,0.124042219563853,0.1553289294242859,0.06065584305906668,0.009750163555145264,0.12011050006112782,0.15533207654953002,0.1180411733686924,0.2187996745109558,0.057084033387945966,0.009733617305755615,0.06396312952856534,0.009764230251312256
01be5919-6e61-45ba-a193-5f447efb4b51,ep000.npz,5,53,6.751489162445068,1,3.077429564352769,0.9995648496386329,2.73000001907349,2.899999986093444,3.0405979899504443,-0.6236385628581047,1.4085783675312995,0.9162952184677124,0.29715507850050926,0.06837482452392578,0.11525164693593978,0.07107691764831543,0.6200847696512938,0.28715076446533205,1.1176293924450875,0.8413770437240601,0.055394191294908524,0.052052640914916994,0.17105743363499643,0.08772051334381104
01be5919-6e61-45ba-a193-5f447efb4b51,ep000.npz,6,63,5.3519287109375,1,3.077429564352769,0.9995648496386329,2.73000001907349,2.899999986093444,3.1722241046278215,-0.4921518564224243,1.7012171402573586,1.2972935080528258,1.42737585157156,1.7156399369239808,0.06120914444327354,0.07929114103317261,0.14869120493531227,0.5513472437858582,1.2356691837310791,0.0679172396659851,0.0511089064180851,0.10281072854995728,0.12655139714479446,0.05872114896774292
060531e1-9935-482e-8c25-2abf37bdc41b,ep001.npz,0,3,1.9116045236587524,0,,,3.16499996185303,2.9000000077871757,,0.0012008466583210977,0.0006406959473679308,0.005441793799400329,0.0005096374516142532,0.49548754990100863,0.00044991063350607874,0.005441722273826599,0.0002489330718162819,0.4954874306917191,0.00034949726104969157,0.10723435580730438,0.000441503209003713,0.005441722273826599,,
060531e1-9935-482e-8c25-2abf37bdc41b,ep001.npz,1,13,1.7816860675811768,0,,,3.16499996185303,2.9000000077871757,,-0.005358570604585111,0.00421422303043073,0.013063400983810425,0.0008841614646371454,0.0033802568912506105,0.0005415528281446314,0.013039308786392211,0.0022101244489022066,0.00337865948677063,0.0029290261911228297,0.010483622550964355,0.0007414512667310192,0.013038796186447144,,
060531e1-9935-482e-8c25-2abf37bdc41b,ep001.npz,2,23,1.7849035263061523,0,,,3.16499996185303,2.9000000077871757,,-0.004850139608606697,0.004897812736453488,0.0066080927848815914,0.006662710552336648,0.026293718814849855,0.0014819720527157187,0.006574654579162597,0.0008710029534995556,0.026341205835342406,0.004796666512265802,0.01625531315803528,0.001759505046356935,0.006573832035064698,,
060531e1-9935-482e-8c25-2abf37bdc41b,ep001.npz,3,33,1.5936005115509033,0,,,3.16499996185303,2.9000000077871757,,0.0023178379051387306,0.0007631368775037117,0.022014692425727844,0.0005395579115429428,0.1702127128839493,0.0004411181562318234,0.022013452649116517,0.0008740899974327476,0.1702125459909439,0.0010501595214009285,0.042737486958503726,0.0004921121690131258,0.022013452649116517,,
060531e1-9935-482e-8c25-2abf37bdc41b,ep001.npz,4,43,2.1034908294677734,0,,,3.16499996185303,2.9000000077871757,,0.0007431628182530403,0.005025444104103371,0.18664221465587616,0.017741303134243935,0.38216974437236784,0.0007197869912488386,0.18663139641284943,0.004831156620639376,0.38206963837146757,0.0033388910349458458,1.1522931665182115,0.0008548161131329834,0.18663113415241242,,
060531e1-9935-482e-8c25-2abf37bdc41b,ep001.npz,5,53,4.866489887237549,0,,,3.16499996185303,2.9000000077871757,,-0.0034165694378316402,0.011777952325064688,0.1735607922077179,0.016646583355031906,0.08058488965034485,0.0015306621236959473,0.1735178768634796,0.0013392934808507562,0.08060463070869446,0.008424816140905022,0.9614636123180389,0.002107897281530313,0.17351706624031066,,
060531e1-9935-482e-8c25-2abf37bdc41b,ep001.npz,6,63,6.76932430267334,0,,,3.16499996185303,2.9000000077871757,,-0.006626098416745663,0.037890256056562065,0.045971012115478514,0.01189051978290081,0.128599214553833,0.00390623431885615,0.045621299743652345,0.01310824552201666,0.12872734069824218,0.0257857121527195,0.04538440704345703,0.005738155881408602,0.04561352729797363,,
0fa2b231-435e-4700-9138-30f333dc5d6e,ep002.npz,0,3,13.287513732910156,1,2.808673827727351,0.6680433241830612,3.16499996185303,2.8999999897374087,2.742285283457008,0.03049529157578945,0.19696983518078923,0.1103442907333374,0.07626938223838806,0.4022355318069458,0.0092380300629884,0.10492970943450927,0.05049381367862225,0.4003215074539185,0.11712648514658212,0.11507823467254638,0.018030160712078212,0.10481250286102295,0.005859094206243753,0.10497715473175048
0fa2b231-435e-4700-9138-30f333dc5d6e,ep002.npz,1,13,13.412199020385742,1,2.808673827727351,0.6680433241830612,3.16499996185303,2.8999999897374087,,0.01819159835577011,0.24868339747190477,0.11580457687377929,0.2901007832959294,0.16406526565551757,0.004625151306390763,0.10937185287475586,0.020098052639514207,0.15528545379638672,0.13006632924079894,0.17194738388061523,0.010370124969631434,0.10923237800598144,0.007183286640793085,0.1094289779663086
0fa2b231-435e-4700-9138-30f333dc5d6e,ep002.npz,2,23,13.463688850402832,0,2.808673827727351,0.6680433241830612,3.16499996185303,2.8999999897374087,,0.0037573538720607758,0.060298336250707504,0.09732668399810791,0.05643512508831918,0.1680614709854126,0.012169806624297053,0.09705860614776611,0.010837621090468019,0.16781837940216066,0.014177671074867249,0.0882277250289917,0.010048870765604078,0.09705350399017335,0.0129934718250297,0.09706194400787353
0fa2b231-435e-4700-9138-30f333dc5d6e,ep002.npz,3,33,13.392958641052246,0,2.808673827727351,0.6680433241830612,3.16499996185303,2.8999999897374087,,0.0017584338784217834,0.009347744972910733,0.08599593639373779,0.063808065908961,0.07569029331207275,0.010898666887078435,0.08595659732818603,0.034404545550933106,0.07559001445770264,0.018928901851177217,0.04007613658905029,0.011571023624856024,0.08595545291900634,0.010637556643632706,0.08595678806304932
0fa2b231-435e-4700-9138-30f333dc5d6e,ep002.npz,4,43,13.191869735717773,0,2.808673827727351,0.6680433241830612,3.16499996185303,2.8999999897374087,,0.013354558497667313,0.09286464909091592,0.08268845081329346,0.04411631519906223,0.09517099857330322,0.0019131300156004726,0.08145263195037841,0.0187295283889398,0.09471533298492432,0.05057908445596695,0.028044676780700682,0.00576747270533815,0.08142640590667724,0.0008766979561187326,0.08146383762359619
0fa2b231-435e-4700-9138-30f333dc5d6e,ep002.npz,5,53,12.96381664276123,0,2.808673827727351,0.6680433241830612,3.16499996185303,2.8999999897374087,,-0.006366468966007233,0.031813863990828396,0.10141081809997558,0.08049016143195331,0.06709613800048828,0.012397384026553483,0.10132765769958496,0.02918271425878629,0.06678185462951661,0.006038446724414825,0.09892668724060058,0.011541748291347177,0.10132641792297363,0.012729668407700956,0.10132870674133301
0fa2b231-435e-4700-9138-30f333dc5d6e,ep002.npz,6,63,12.95211124420166,0,2.808673827727351,0.6680433241830612,3.16499996185303,2.8999999897374087,,-0.009195774793624878,0.1005614827387035,0.1077378273010254,0.20406853836029767,0.2626213550567627,0.012893211143091322,0.10638184547424316,0.026402503484860063,0.258669376373291,0.07232928574085236,0.15415115356445314,0.017869626870378852,0.10635285377502442,0.010960623528808356,0.10639438629150391
10804db8-d070-444e-a1f1-89c1871588d5,ep003.npz,0,3,4.660486221313477,0,2.808878141141934,0.9830859388900861,3.13499999046326,2.8999999961061844,3.010508370576274,-0.025571124628186226,0.0788377208635211,0.050311148166656494,0.10770316263660788,0.03888911008834839,0.008533473615534604,0.04791105985641479,0.004899961780756712,0.03521608114242554,0.05421252809464931,0.1104853630065918,0.011957341339439154,0.04786430597305298,0.0070517372339963915,0.04793258905410767
10804db8-d070-444e-a1f1-89c1871588d5,ep003.npz,1,13,4.873578071594238,0,2.808878141141934,0.9830859388900861,3.13499999046326,2.8999999961061844,,-0.017805952578783035,0.04569103992544114,0.0460579514503479,0.05121196424588561,0.03674603700637817,0.018682590569369495,0.044830572605133054,0.016752105997875334,0.03631235361099243,0.052278431877493856,0.10393214225769043,0.021200856566429137,0.044807040691375734,0.01759276515804231,0.04484193325042725
10804db8-d070-444e-a1f1-89c1871588d5,ep003.npz,2,23,4.878247261047363,0,2.808878141141934,0.9830859388900861,3.13499999046326,2.8999999961061844,,0.0014281384646892548,0.046350670512765646,0.036409640312194826,0.015032699948642403,0.07251026630401611,0.007445553166326136,0.03597723245620728,0.004119845305103809,0.07240217924118042,0.013500672206282616,0.04493842124938965,0.00591053650714457,0.0359687089920044,0.00810986413853243,0.03598097562789917
10804db8-d070-444e-a1f1-89c1871588d5,ep003.npz,3,33,4.941481113433838,0,2.808878141141934,0.9830859388900861,3.13499999046326,2.8999999961061844,,-0.0005106590688228607,0.04033530746819451,0.03770018219947815,0.04149335308466107,0.19229164719581604,0.024810113542480396,0.03761664032936096,0.025209424557397143,0.19237106442451476,0.016638804972171784,0.021812552213668825,0.024197593456483445,0.03761478066444397,0.025075196378747933,0.03761747479438782
10804db8-d070-444e-a1f1-89c1871588d5,ep003.npz,4,43,4.827812194824219,0,2.808878141141934,0.9830859388900861,3.13499999046326,2.8999999961061844,2.9403898920607765,0.03735973592847585,0.04172659929608926,0.014614009857177734,0.03144471769919619,0.05154272317886353,0.018474555065040477,0.014232003688812256,0.015452754660509526,0.051452791690826415,0.011756656318902969,0.09605931043624878,0.017556923962547443,0.014224803447723389,0.018871676604612732,0.014235436916351318
10804db8-d070-444e-a1f1-89c1871588d5,ep003.npz,5,53,4.5264058113098145,1,2.808878141141934,0.9830859388900861,3.13499999046326,2.8999999961061844,,0.017542633693665266,0.316427130298689,0.04235368371009827,0.4504167996812612,0.018241029977798463,0.016500737471506,0.0135639488697052,0.06318504712544382,0.07293363213539124,0.1553974997717887,0.09333944916725159,0.01260851309634745,0.013001161813735961,0.019598985137417913,0.013820892572402954
10804db8-d070-444e-a1f1-89c1871588d5,ep003.npz,6,63,4.01029109954834,1,2.808878141141934,0.9830859388900861,3.13499999046326,2.8999999961061844,2.8681214600977687,-0.13142805406823754,0.37951655266806483,0.10435919761657715,0.24728462835773826,0.3376582503318787,0.03746572695672512,0.04023169279098511,0.08385531026870012,0.2925881385803223,0.25961972838267683,0.08735411167144776,0.05408321600407362,0.03897237777709961,0.030276848748326302,0.04080657958984375
11e40da1-3d9e-4ee6-8406-8db2eed4a594,ep004.npz,0,3,18.952341079711914,1,2.8928534313206993,0.9613690914097486,3.21600008010864,2.900000004758467,2.8899119508487163,-0.0330513808876276,0.3511530373245478,0.15172414779663085,0.44968146570026873,0.09269218444824219,0.02627756670117378,0.13984804153442382,0.012078661378473044,0.07677640914916992,0.2245658989995718,0.1551751136779785,0.045759374275803566,0.13954739570617675,0.02578776553273201,0.13985443115234375
11e40da1-3d9e-4ee6-8406-8db2eed4a594,ep004.npz,1,13,18.891958236694336,1,2.8928534313206993,0.9613690914097486,3.21600008010864,2.900000004758467,2.9817070123095912,-0.02879912406206131,0.37096841298043726,0.13034827709198,0.36338004767894744,0.11279504299163819,0.0185480953194201,0.11826579570770264,0.021161122154444455,0.10061790943145751,0.22317472398281096,0.040507721900939944,0.0386527200229466,0.11796133518218994,0.018042633216828106,0.11827294826507569
11e40da1-3d9e-4ee6-8406-8db2eed4a594,ep004.npz,2,23,18.54733657836914,1,2.8928534313206993,0.9613690914097486,3.21600008010864,2.900000004758467,2.7977330703361307,-0.03845437616109848,0.2863824663683772,0.1282498836517334,0.18008142337203026,0.14675478935241698,0.04535563201643526,0.11749873161315919,0.08206089297309518,0.14098591804504396,0.21966058909893035,0.03174090385437012,0.06248090346343815,0.11722931861877442,0.044925060542300346,0.11750731468200684
11e40da1-3d9e-4ee6-8406-8db2eed4a594,ep004.npz,3,33,18.33049201965332,1,2.8928534313206993,0.9613690914097486,3.21600008010864,2.900000004758467,2.9502167769225816,-0.025306545197963715,0.34741250053048134,0.14096269607543946,0.6407619889825582,0.15065488815307618,0.01674646558240056,0.13080224990844727,0.08721351642161608,0.124442720413208,0.20795285999774932,0.11165261268615723,0.03553289622068405,0.13054485321044923,0.016274126525968314,0.13080978393554688
11e40da1-3d9e-4ee6-8406-8db2eed4a594,ep004.npz,4,43,18.258106231689453,1,2.8928534313206993,0.9613690914097486,3.21600008010864,2.900000004758467,2.9302318931141906,-0.027921169996261597,0.29018640276044605,0.13975107669830322,0.22348536197096108,0.1549515962600708,0.03760303519666195,0.13043739795684814,0.06062402753159404,0.1481342077255249,0.20940064489841462,0.11107265949249268,0.05448242062702775,0.1302034616470337,0.03717866372317076,0.1304455041885376
11e40da1-3d9e-4ee6-8406-8db2eed4a594,ep004.npz,5,53,18.192121505737305,1,2.8928534313206993,0.9613690914097486,3.21600008010864,2.900000004758467,2.844505913745921,-0.031033292412757874,0.3120527213439345,0.12678682804107666,0.21164113022387027,0.08486063480377197,0.039286267478019,0.11572606563568115,0.07394809378311037,0.07790949344635009,0.22385931611061097,0.04265530109405517,0.0574205432087183,0.11544787883758545,0.038830341584980485,0.11573398113250732
11e40da1-3d9e-4ee6-8406-8db2eed4a594,ep004.npz,6,63,17.86233139038086,1,2.8928534313206993,0.9613690914097486,3.21600008010864,2.900000004758467,2.81043070059471,-0.031099289655685425,0.2750354981049895,0.12289390563964844,0.1734145998954773,0.17825803756713868,0.03110279105603695,0.11418728828430176,0.06617479352280498,0.17326993942260743,0.1916670024394989,0.034029483795166016,0.0468784520868212,0.11396684646606445,0.03070614761672914,0.11419272422790527
126b3a97-0879-4ff3-9f4a-ea846f8a70ef,ep005.npz,0,3,9.66559886932373,1,2.755355732302564,0.996224475200451,3.16499996185303,2.8999999931158085,2.737888167859072,-0.1103207003325224,0.5769230037927627,0.05846428871154785,0.23221069602295757,0.1621046781539917,0.07404055781662464,0.027616095542907716,0.3545390908140689,0.1644441604614258,0.41893820874392984,0.39425618648529054,0.10288192182779313,0.029099917411804198,0.055962924659252164,0.02661874294281006
126b3a97-0879-4ff3-9f4a-ea846f8a70ef,ep005.npz,1,13,7.672182559967041,1,2.755355732302564,0.996224475200451,3.16499996185303,2.8999999931158085,2.6551679230942407,-0.1428384706377983,0.24106019735336304,0.14272031784057618,0.03915469571948051,0.16263766288757325,0.03523087580688298,0.17122485637664794,0.10634256908670067,0.16756932735443114,0.18164341002702714,1.464228582382202,0.047475966066122054,0.17184524536132811,0.02755547729320824,0.17080860137939452
126b3a97-0879-4ff3-9f4a-ea846f8a70ef,ep005.npz,2,23,4.44102668762207,1,2.755355732302564,0.996224475200451,3.16499996185303,2.8999999931158085,2.680637110016866,0.1144496351480484,0.09337637387216091,0.05398146510124206,0.7572602916508913,0.1805844008922577,0.05294631291180849,0.03832805752754211,0.32167215188965204,0.11980740427970886,0.10028432458639144,0.06734443306922913,0.05616813031956554,0.03798672556877136,0.05092726768925786,0.03855714201927185
126b3a97-0879-4ff3-9f4a-ea846f8a70ef,ep005.npz,3,33,5.164810657501221,1,2.755355732302564,0.996224475200451,3.16499996185303,2.8999999931158085,3.3412867779974538,0.035867735743522644,0.27139352131634953,0.15402039289474487,0.5556890215724707,0.18121236562728882,0.007606794778257609,0.13666094541549684,0.09670000821352005,0.13924518823623658,0.1495352044701576,0.7904543519020081,0.01650996655225754,0.13628510236740113,0.010258839838206768,0.1369140028953552
126b3a97-0879-4ff3-9f4a-ea846f8a70ef,ep005.npz,4,43,6.067511081695557,0,2.755355732302564,0.996224475200451,3.16499996185303,2.8999999931158085,,-0.005667395889759065,0.00724709564819932,0.022147715091705322,0.00724680200801231,0.17824715375900269,0.011210879439022391,0.022222840785980226,0.016089227303746158,0.17826792001724243,0.020743151009082795,0.4352120280265808,0.012008998484816402,0.02222410440444946,0.010710477724205702,0.022221362590789794
126b3a97-0879-4ff3-9f4a-ea846f8a70ef,ep005.npz,5,53,5.257919788360596,0,2.755355732302564,0.996224475200451,3.16499996185303,2.8999999931158085,,0.0027284249663352966,0.029722762492019682,0.1558771014213562,0.012182758311973884,0.4991833806037903,0.011861765652429312,0.1557811379432678,0.005813372670672834,0.4991721034049988,0.0028206653892993926,0.825956666469574,0.011074663558974861,0.1557789444923401,0.012355260702315718,0.1557827115058899
126b3a97-0879-4ff3-9f4a-ea846f8a70ef,ep005.npz,6,63,6.8757243156433105,0,2.755355732302564,0.996224475200451,3.16499996185303,2.8999999931158085,,-0.008140720427036285,0.03463755550328642,0.08303484916687012,0.08910666971933097,0.20538125038146973,0.031884732330217956,0.08303210735321045,0.05066771932179108,0.2056811571121216,0.030435875058174133,0.32685050964355467,0.03176342198275961,0.08303148746490478,0.03196079089539126,0.08303210735321045
13c95b6a-5d18-4267-8943-1ddb8fe85008,ep006.npz,0,3,8.93016529083252,0,2.571987009733684,0.9924722086916583,3.16499996185303,2.9000000312574263,2.3851885513093243,-0.03522172570228577,0.18611502591520548,0.03184899091720581,0.5151436902582646,0.3252208590507507,0.010630171746015549,0.026014816761016846,0.10386594962328673,0.3539509415626526,0.1140212882310152,0.06965001821517944,0.019286268204450608,0.0258886456489563,0.003751333057880402,0.026228034496307374
13c95b6a-5d18-4267-8943-1ddb8fe85008,ep006.npz,1,13,8.458148002624512,0,2.571987009733684,0.9924722086916583,3.16499996185303,2.9000000312574263,2.4257129313482606,-0.0610445775091648,0.14583480395376683,0.00496898889541626,0.19138518832623957,0.11587597131729126,0.011884888634085655,0.009464514255523682,0.00814811042509973,0.12232528924942017,0.09271770492196083,0.29923936128616335,0.018525666696950792,0.009561598300933838,0.006122920988127589,0.009299099445343018
13c95b6a-5d18-4267-8943-1ddb8fe85008,ep006.npz,2,23,7.554506301879883,1,2.571987009733684,0.9924722086916583,3.16499996185303,2.9000000312574263,,-0.012410297989845274,0.3850697509944439,0.037646377086639406,0.837300718575716,0.20211607217788696,0.017330454476177693,0.06407381296157837,0.16954610049724578,0.3020983099937439,0.20160168707370757,0.6218625426292419,0.01755634043365717,0.0646466612815857,0.03342366181313992,0.06310409307479858
13c95b6a-5d18-4267-8943-1ddb8fe85008,ep006.npz,3,33,5.4302754402160645,0,2.571987009733684,0.9924722086916583,3.16499996185303,2.9000000312574263,,-0.01688803732395172,0.017478525172919035,0.17466195821762084,0.11817974839359521,0.16381460428237915,0.011213307618163526,0.17502294778823851,0.04628883625846356,0.1656678080558777,0.011754575371742248,1.3225041270256042,0.011036712978966533,0.17503055334091186,0.01148230575490743,0.17500988245010377
13c95b6a-5d18-4267-8943-1ddb8fe85008,ep006.npz,4,43,2.077484369277954,0,2.571987009733684,0.9924722086916583,3.16499996185303,2.9000000312574263,,0.013835400342941284,0.017407504888251425,0.12834046185016632,0.007511322386562824,0.1119636207818985,0.0010672572767361998,0.12871649563312532,0.00443489586468786,0.11191557943820954,0.010565637052059174,0.9813383370637894,0.0018190023372881114,0.1287248283624649,0.0012904380448162556,0.12870279848575591
13c95b6a-5d18-4267-8943-1ddb8fe85008,ep006.npz,5,53,0.041675865650177,0,2.571987009733684,0.9924722086916583,3.16499996185303,2.9000000312574263,,0.00028079748153686523,8.329526643819918e-05,0.004807759542018175,8.198385476134717e-05,0.010869746375828982,8.243608125440005e-05,0.004807759542018175,8.198385476134717e-05,0.010869746375828982,8.198385476134717e-05,0.027550690341740847,8.239821709139505e-05,0.004807759542018175,8.249375497939581e-05,0.004807759542018175
13c95b6a-5d18-4267-8943-1ddb8fe85008,ep006.npz,6,63,0.0,0,2.571987009733684,0.9924722086916583,3.16499996185303,2.9000000312574263,,-2.9802322387695312e-08,0.0,0.0,0.0,0.0,0.0,0.0,0.0,0.0,0.0,0.0,0.0,0.0,0.0,0.0
14157960-84db-4f4e-84f1-a4664086c6f8,ep007.npz,0,3,24.828636169433594,1,,,3.21600008010864,2.899999995507576,2.8317602148494267,0.027997761964797974,0.3984463807195425,0.17765140533447266,0.6404530953615903,0.11076955795288086,0.037276835087686776,0.16567583084106446,0.04946102555841207,0.08869647979736328,0.2661827437579632,0.07798700332641602,0.05976733807474375,0.16537342071533204,,
14157960-84db-4f4e-84f1-a4664086c6f8,ep007.npz,1,13,24.62821388244629,1,,,3.21600008010864,2.899999995507576,,0.015761788934469223,0.3005481816828251,0.19591135978698732,0.4194131582975388,0.15902256965637207,0.015544806607067585,0.1905582904815674,0.03840814642608166,0.14930968284606932,0.1813898876309395,0.2570455074310303,0.031840141862630844,0.19042372703552246,,
14157960-84db-4f4e-84f1-a4664086c6f8,ep007.npz,2,23,24.767845153808594,1,,,3.21600008010864,2.899999995507576,2.691481359059063,0.026607278734445572,0.32799334190785884,0.1808757781982422,0.26918415874242785,0.11899652481079101,0.04931782311759889,0.17138195037841797,0.06961416387930512,0.11183347702026367,0.24745323061943053,0.13179073333740235,0.06878525693900883,0.17114133834838868,,
14157960-84db-4f4e-84f1-a4664086c6f8,ep007.npz,3,33,24.640966415405273,1,,,3.21600008010864,2.899999995507576,2.919584183623698,0.028019867837429047,0.40036503188312056,0.19886069297790526,0.34639334343373773,0.2847342014312744,0.03442143555730581,0.1866879940032959,0.053050648607313636,0.2746867656707764,0.2628638744354248,0.22385153770446778,0.056866316217929126,0.1863807201385498,,
14157960-84db-4f4e-84f1-a4664086c6f8,ep007.npz,4,43,24.710607528686523,1,,,3.21600008010864,2.899999995507576,,0.015378683805465698,0.29236164651811125,0.18418211936950685,0.44321645721793174,0.16684880256652831,0.025169572234153746,0.17854199409484864,0.03521600374951959,0.1559892177581787,0.19189489483833314,0.18095870018005372,0.041551357787102464,0.17840285301208497,,
14157960-84db-4f4e-84f1-a4664086c6f8,ep007.npz,5,53,24.668256759643555,1,,,3.21600008010864,2.899999995507576,2.8380926093202676,0.02345740795135498,0.20487793646752833,0.1758265972137451,0.11136012934148312,0.19409441947937012,0.0618162363069132,0.17042098045349122,0.09290510844439268,0.1914893627166748,0.19981085658073425,0.13338055610656738,0.0753748778719455,0.17028441429138183,,
14157960-84db-4f4e-84f1-a4664086c6f8,ep007.npz,6,63,24.523296356201172,1,,,3.21600008010864,2.899999995507576,2.857637722670935,0.023387357592582706,0.36552504263818264,0.22132396697998047,0.4784636992961168,0.4598054885864258,0.043094489816576244,0.21126060485839843,0.019342165533453227,0.44512062072753905,0.25700849294662476,0.40806827545166013,0.06411227630451322,0.21100597381591796,,
142a3a72-6cd4-4056-bb66-c9098f54b7fa,ep008.npz,0,3,23.774675369262695,1,2.8655745985200536,0.9998932910343517,2.73000001907349,2.899999986403678,2.8787957332725345,0.02496517961844802,0.3029246835038066,0.1720141887664795,0.3728590667247772,0.15610804557800292,0.05332458661869168,0.16389193534851074,0.02911578556522727,0.14562859535217285,0.23971993252635002,0.12734379768371581,0.04171824511140585,0.1640336513519287,0.05108546437695623,0.16391892433166505
142a3a72-6cd4-4056-bb66-c9098f54b7fa,ep008.npz,1,13,23.54848289489746,1,2.8655745985200536,0.9998932910343517,2.73000001907349,2.899999986403678,2.8671291797078515,0.02795788645744324,0.384935761615634,0.14017467498779296,0.4827130574733019,0.10497922897338867,0.03526662439107895,0.12854433059692383,0.014086866844445467,0.08945932388305664,0.2558265462517738,0.12011585235595704,0.021533331833779812,0.1287461280822754,0.032617160398513076,0.12858114242553711
142a3a72-6cd4-4056-bb66-c9098f54b7fa,ep008.npz,2,23,22.65530014038086,1,2.8655745985200536,0.9998932910343517,2.73000001907349,2.899999986403678,2.5678678285662953,-0.12599652633070946,0.4734711401164532,0.16334013938903807,0.8906263951212168,0.2398672580718994,0.05281977728009224,0.11449503898620605,0.5135263171978295,0.22984395027160645,0.32489925622940063,0.18751988410949708,0.03641184251755476,0.1153439998626709,0.0496541079133749,0.11465353965759277
142a3a72-6cd4-4056-bb66-c9098f54b7fa,ep008.npz,3,33,21.903966903686523,1,2.8655745985200536,0.9998932910343517,2.73000001907349,2.899999986403678,3.492384742304007,-0.08200594782829285,2.9852078557014465,0.6879696846008301,3.219995266199112,1.0303956985473632,0.16192371994256974,0.16772775650024413,0.2547515548765659,0.36906185150146487,1.357967010140419,0.03160867691040039,0.2558319725096226,0.1768054962158203,0.18004511818289756,0.16943845748901368
142a3a72-6cd4-4056-bb66-c9098f54b7fa,ep008.npz,4,43,22.254749298095703,1,2.8655745985200536,0.9998932910343517,2.73000001907349,2.899999986403678,2.841404570814396,0.1745744924992323,2.3121361300349235,0.6412630081176758,0.7684840701520443,0.3629659652709961,0.02116830609738827,0.24742631912231444,0.5554603643715381,0.24182825088500975,1.2540708541870118,0.5884221076965332,0.0678866222500801,0.2543011665344238,0.009996869415044785,0.24872121810913086
142a3a72-6cd4-4056-bb66-c9098f54b7fa,ep008.npz,5,53,24.032711029052734,1,2.8655745985200536,0.9998932910343517,2.73000001907349,2.899999986403678,3.0954503878439086,0.10363914258778094,2.476172364503145,0.6687493324279785,3.3001510955393316,0.9509950637817383,0.0948926992714405,0.33248300552368165,0.3909039109945297,0.40127172470092776,1.1758102364838123,1.111414909362793,0.17364411875605584,0.33833627700805663,0.11008792221546174,0.3335854530334473
142a3a72-6cd4-4056-bb66-c9098f54b7fa,ep008.npz,6,63,26.555618286132812,1,2.8655745985200536,0.9998932910343517,2.73000001907349,2.899999986403678,2.9468454808797793,0.02633194625377655,0.42869650907814505,0.357348108291626,0.7588534832000733,0.34864239692687987,0.03175061512738466,0.3452450275421143,0.08370345551520586,0.32263855934143065,0.27374942898750304,1.1738414287567138,0.01668226644396782,0.34545559883117677,0.02884353818371892,0.34528336524963377
14bc9fcf-c048-42c3-b35d-0fc13b8ddc04,ep009.npz,0,3,18.557716369628906,1,2.8773369914566476,0.9989699602019577,3.21600008010864,2.900000004270854,2.7700755576909737,-0.0647851973772049,0.5769807808101177,0.2585392713546753,1.2215538784861564,0.22661283016204833,0.03381586186587811,0.2297515630722046,0.19130583982914687,0.1397860288619995,0.3551857866346836,0.7770440340042114,0.0653867932036519,0.22902653217315674,0.031285235285758974,0.22981364727020265
14bc9fcf-c048-42c3-b35d-0fc13b8ddc04,ep009.npz,1,13,19.89924430847168,1,2.8773369914566476,0.9989699602019577,3.21600008010864,2.900000004270854,2.8065030578418715,-0.1361764445900917,1.3656142018735409,0.35060763359069824,1.263579472899437,0.2837384223937988,0.11061566509306431,0.17137279510498046,0.14687929674983025,0.12871141433715821,0.8933224976062775,0.3456567764282227,0.18741967119276523,0.16683344841003417,0.10446048863232135,0.17175626754760742
14bc9fcf-c048-42c3-b35d-0fc13b8ddc04,ep009.npz,2,23,20.189929962158203,1,2.8773369914566476,0.9989699602019577,3.21600008010864,2.900000004270854,2.8551650162697437,-0.1644182950258255,1.8425832465291023,0.43015003204345703,1.6534799858927727,0.33703088760375977,0.10655642487108707,0.1216135025024414,0.17409618757665157,0.07430219650268555,1.1462948083877564,0.08367643356323243,0.20849142856895925,0.11377935409545899,0.09838863648474216,0.12227649688720703
14bc9fcf-c048-42c3-b35d-0fc13b8ddc04,ep009.npz,3,33,20.004722595214844,1,2.8773369914566476,0.9989699602019577,3.21600008010864,2.900000004270854,2.911354540758185,-0.150814950466156,2.0287546902894973,0.5067882061004638,1.923827551305294,0.5434175968170166,0.047408141940832135,0.1806286334991455,0.08354923874139786,0.22535128593444825,1.1543277025222778,0.3096468448638916,0.1559399999678135,0.17235217094421387,0.038711515814065935,0.1813281536102295
14bc9fcf-c048-42c3-b35d-0fc13b8ddc04,ep009.npz,4,43,20.755348205566406,1,2.8773369914566476,0.9989699602019577,3.21600008010864,2.900000004270854,2.961555024008927,-0.13502436876296997,1.9325455233454705,0.549451494216919,1.7653049677610397,0.5621110439300537,0.045231572538614276,0.2648374080657959,0.10376749522984027,0.3021358013153076,1.0978936076164245,0.7953988552093506,0.1484773200005293,0.25762343406677246,0.03695814609527588,0.26544795036315916
14bc9fcf-c048-42c3-b35d-0fc13b8ddc04,ep009.npz,5,53,22.965097427368164,1,2.8773369914566476,0.9989699602019577,3.21600008010864,2.900000004270854,3.3662899389741563,-0.024632751941680908,0.7930796585977078,0.3704653263092041,2.3386989191174505,0.5802213191986084,0.05294942818582058,0.341694974899292,0.5904839809983968,0.3782040119171143,0.33691997528076173,1.2770090579986573,0.014647335186600685,0.3409716129302979,0.05601971819996834,0.34175877571105956
14bc9fcf-c048-42c3-b35d-0fc13b8ddc04,ep009.npz,6,63,25.820701599121094,1,2.8773369914566476,0.9989699602019577,3.21600008010864,2.900000004270854,,-0.014707565307617188,0.18554895669221877,0.3521857261657715,0.25558817833662034,0.33379669189453126,0.03124255915172398,0.34940204620361326,0.007189298328012228,0.32979555130004884,0.1449465274810791,1.2421000480651856,0.042414789600297806,0.34933013916015626,0.03034700737334788,0.3494071960449219
16d89725-2f31-4a12-9244-658d2b83994c,ep010.npz,0,3,3.1572818756103516,0,2.853087456151716,0.7379587033529661,3.13499999046326,2.8999999985147134,,-0.0022198928345460445,0.010805013042408973,0.09140999317169189,0.024501114262966438,0.02871025800704956,0.0056688934360863644,0.09140118360519409,0.01039180098741781,0.028777849674224854,0.002965662529459223,0.4958413243293762,0.00546625888091512,0.0914006233215332,0.005713341548107565,0.09140118360519409
16d89725-2f31-4a12-9244-658d2b83994c,ep010.npz,1,13,4.4094648361206055,0,2.853087456151716,0.7379587033529661,3.13499999046326,2.8999999985147134,,-0.004638040991267189,0.0010537859750911593,0.06699340343475342,0.00776456129970029,0.08901612758636475,0.009001394506776705,0.06697001457214355,0.006612650974420831,0.0890692114830017,0.013741673715412617,0.32614554166793824,0.009356726208352484,0.06696956157684326,0.008923451136797666,0.06697001457214355
16d89725-2f31-4a12-9244-658d2b83994c,ep010.npz,2,23,4.942812919616699,0,2.853087456151716,0.7379587033529661,3.13499999046326,2.8999999985147134,,0.0023017285857349634,0.013632009134016698,0.006905066967010498,0.004852369709988124,0.09417788982391358,0.008701182829281607,0.006923282146453857,0.005673703189859225,0.09417788982391358,0.006105984002351761,0.11700493097305298,0.008506646928799455,0.006923902034759522,0.008743854977365118,0.006923282146453857
16d89725-2f31-4a12-9244-658d2b83994c,ep010.npz,3,33,4.195271968841553,0,2.853087456151716,0.7379587033529661,3.13499999046326,2.8999999985147134,,0.010731358779594302,0.023471874208189546,0.12849029898643494,0.013292915909551084,0.24892024397850038,0.0011665078171063214,0.12875472903251647,0.002722064167028293,0.24903414845466615,0.011121487710624933,1.0229735910892486,0.0004008224233984947,0.12875978350639344,0.0013345566403586417,0.1287533938884735
16d89725-2f31-4a12-9244-658d2b83994c,ep010.npz,4,43,2.101914405822754,0,2.853087456151716,0.7379587033529661,3.13499999046326,2.8999999985147134,,0.005297237075865269,0.008085961907636375,0.02057638466358185,0.008948171872179955,0.03538297712802887,0.0009035206021508202,0.02061719596385956,0.0012008585850708186,0.03536030352115631,0.0028970622224733233,0.2129822701215744,0.0006201464042533189,0.020617887377738953,0.0009656796784838662,0.02061685025691986
16d89725-2f31-4a12-9244-658d2b83994c,ep010.npz,5,53,1.6962289810180664,0,2.853087456151716,0.7379587033529661,3.13499999046326,2.8999999985147134,,0.006155364215373993,0.010793943121097983,0.08950826823711396,0.0013001002691453323,1.0384997338056565,0.0014633841579779982,0.0894421547651291,0.002329257673409302,1.0384903877973557,0.0037591753527522085,0.5524983376264572,0.0011033163187676109,0.0894408792257309,0.001542365709610749,0.0894425481557846
16d89725-2f31-4a12-9244-658d2b83994c,ep010.npz,6,63,3.316237211227417,0,2.853087456151716,0.7379587033529661,3.13499999046326,2.8999999985147134,,0.005214003846049309,0.03391281578224152,0.1267211377620697,0.04334553866647184,0.0655108392238617,0.00626304634497501,0.12643521428108215,0.009516365628223866,0.06578337550163268,0.00833244901150465,0.7536398947238923,0.00517212194390595,0.1264295756816864,0.006502343952888623,0.12643614411354065
17775e74-2d89-4c4f-9347-c58cea5585cb,ep011.npz,0,3,6.061488628387451,0,2.978973741177453,0.980803943342402,3.16499996185303,2.900000006716258,2.928227882805584,0.04136389307677746,0.11467582280747593,0.04805146455764771,0.1053645534440875,0.09197312593460083,0.0019630910828709602,0.043864119052886966,0.007695604301989079,0.09478834867477418,0.06329596359282733,0.1398654103279114,0.007068569911643863,0.04377340078353882,0.003557836404070258,0.043834221363067624
17775e74-2d89-4c4f-9347-c58cea5585cb,ep011.npz,1,13,6.018027305603027,0,2.978973741177453,0.980803943342402,3.16499996185303,2.900000006716258,2.9211359492313114,0.053398337215185165,0.1843537548556924,0.0495180606842041,0.1730468226596713,0.2066011905670166,0.007145627308636904,0.04001510143280029,0.01105236578732729,0.19763729572296143,0.10797741152346134,0.0483818769454956,0.015586175676435231,0.03980860710144043,0.009818051615729928,0.039948034286499026
17775e74-2d89-4c4f-9347-c58cea5585cb,ep011.npz,2,23,6.263630390167236,1,2.978973741177453,0.980803943342402,3.16499996185303,2.900000006716258,3.0155731168951756,0.06566203385591507,0.29586882758885624,0.10008676052093506,0.267022418230772,0.26725914478302004,0.006082965061068535,0.07882254123687744,0.016053779795765877,0.2476264715194702,0.16534489393234253,0.3535063028335571,0.019411720056086778,0.07836086750030517,0.01030299672856927,0.07867202758789063
17775e74-2d89-4c4f-9347-c58cea5585cb,ep011.npz,3,33,6.816112518310547,0,2.978973741177453,0.980803943342402,3.16499996185303,2.900000006716258,3.215039318111802,0.03267228603363037,0.17626060601323842,0.008438336849212646,0.30434814672917126,0.0865967869758606,0.008603590354323388,0.004957544803619385,0.05273617561906576,0.10120178461074829,0.08044215440750122,0.17240942716598512,0.0016919432207942009,0.0050179362297058105,0.006371501227840781,0.004977047443389893
17775e74-2d89-4c4f-9347-c58cea5585cb,ep011.npz,4,43,6.126644611358643,0,2.978973741177453,0.980803943342402,3.16499996185303,2.900000006716258,3.0236544721577663,0.04130584001541138,0.15815060390159488,0.031823348999023435,0.09744590716436505,0.14978935718536376,0.001017571659758687,0.025284171104431152,0.02011839458718896,0.14616613388061522,0.08199190348386765,0.08200230598449706,0.006086168624460697,0.025142669677734375,0.0013469121418893336,0.02523782253265381
17775e74-2d89-4c4f-9347-c58cea5585cb,ep011.npz,5,53,6.255031585693359,0,2.978973741177453,0.980803943342402,3.16499996185303,2.900000006716258,2.9375193744314,0.055342912673950195,0.18018178213387728,0.03880574703216553,0.1929200818762183,0.20015327930450438,0.0013470254838466645,0.03031656742095947,0.003971377713605761,0.20882577896118165,0.09639937579631805,0.027794933319091795,0.008958026394248008,0.030132651329040527,0.003498827526345849,0.03025672435760498
17775e74-2d89-4c4f-9347-c58cea5585cb,ep011.npz,6,63,6.49267053604126,1,2.978973741177453,0.980803943342402,3.16499996185303,2.900000006716258,3.0191593635744285,0.07407087087631226,0.3499525923281908,0.10387835502624512,0.4238972906023264,0.17035136222839356,0.012456647306680679,0.07418017387390137,0.020474411267787217,0.20795350074768065,0.20363648533821105,0.26555063724517824,0.028454178385436533,0.0735353946685791,0.017521564569324254,0.07396955490112304
18b72291-84f4-45e0-a736-908fc303020e,ep012.npz,0,3,5.652282238006592,1,2.852176836927101,0.9997185112632161,3.16499996185303,2.899999997243802,2.923875317175495,0.4526958763599396,1.7130626916885376,1.177444076538086,1.976765675842762,1.7809834718704223,0.15142494514584542,0.09585692882537841,0.13388164937496186,0.22779490947723388,1.316634787619114,0.3761648893356323,0.24656523391604424,0.07048332691192627,0.13245317935943604,0.10119597911834717
18b72291-84f4-45e0-a736-908fc303020e,ep012.npz,1,13,6.92076301574707,1,2.852176836927101,0.9997185112632161,3.16499996185303,2.899999997243802,2.826825482182778,0.048128008842468255,0.40556764751672747,0.1387537121772766,1.443345046043396,0.3785392165184021,0.014185082912445069,0.11262820959091187,0.38362250067293646,0.12414430379867554,0.1946568489074707,0.4419214129447937,0.00500557404011488,0.11206158399581909,0.017574985697865485,0.11274741888046265
18b72291-84f4-45e0-a736-908fc303020e,ep012.npz,2,23,7.936197757720947,0,2.852176836927101,0.9997185112632161,3.16499996185303,2.899999997243802,2.3706313584307535,0.02728092670440674,0.09831306962296367,0.11590659618377686,0.08004061398096382,0.055103635787963866,0.00629696985706687,0.1138441801071167,0.011783889727666974,0.05542306900024414,0.056850165128707886,0.4343540191650391,0.009791667270474137,0.11379921436309814,0.005723465513437986,0.1138535499572754
18b72291-84f4-45e0-a736-908fc303020e,ep012.npz,3,33,8.645964622497559,0,2.852176836927101,0.9997185112632161,3.16499996185303,2.899999997243802,,0.006494760513305664,0.06967296134680509,0.03632820844650268,0.16043653208762407,0.19535015821456908,0.0011242591543123126,0.035606133937835696,0.0322945446241647,0.19827102422714232,0.03533439040184021,0.11424430608749389,0.002542073302902281,0.0355911374092102,0.0016244374681264162,0.03560904264450073
18b72291-84f4-45e0-a736-908fc303020e,ep012.npz,4,43,8.054521560668945,1,2.852176836927101,0.9997185112632161,3.16499996185303,2.899999997243802,2.646180573205021,-0.10443997383117676,0.07471735992003233,0.052393090724945066,0.06632487282622605,0.28862065076828003,0.038528217980638144,0.05849250555038452,0.08592484357650391,0.28869808912277223,0.09624071717262268,0.6523245930671692,0.043358617287594825,0.058624875545501706,0.037560950662009415,0.05846437215805054
18b72291-84f4-45e0-a736-908fc303020e,ep012.npz,5,53,5.897549629211426,1,2.852176836927101,0.9997185112632161,3.16499996185303,2.899999997243802,2.7936791674018346,-0.6624403558671474,1.1051745951175689,0.7048785567283631,0.12231825664639473,0.25091670751571654,0.1886414099484682,0.07125328779220581,0.6186904277652502,0.08254326581954956,1.019307941198349,0.6582203269004822,0.25614747665822507,0.08985875844955445,0.17519069239497184,0.06734148263931275
18b72291-84f4-45e0-a736-908fc303020e,ep012.npz,6,63,5.118070125579834,1,2.852176836927101,0.9997185112632161,3.16499996185303,2.899999997243802,2.8856791784960434,-0.8672683276236057,1.5065405558794738,2.051105487346649,1.4558859538286923,2.0151199221611025,0.25132859535515306,0.02284637689590454,0.2867687877267599,0.0451626181602478,1.8058609630912543,0.11447488069534302,0.3721569780260324,0.06423052549362182,0.22743727080523968,0.02684844732284546
1bd040a8-1828-4f1f-933e-20fd53c45641,ep013.npz,0,3,4.818267345428467,1,2.8449243513545857,0.9995941139806918,3.16499996185303,2.9000000104723904,2.7275870403925824,0.7172581888735294,0.854648669809103,0.629839551448822,0.3079475607722998,0.1186707615852356,0.20188443567603825,0.024724888801574706,0.6897285991348326,0.06882365942001342,0.8929871045053005,0.2755747675895691,0.2579168310388923,0.04071195125579834,0.18900098092854023,0.020839691162109375
1bd040a8-1828-4f1f-933e-20fd53c45641,ep013.npz,1,13,5.072403430938721,1,2.8449243513545857,0.9995941139806918,3.16499996185303,2.9000000104723904,2.9445393015891685,0.7550413012504578,1.6533941060304642,2.3843072056770325,1.4976920396089555,2.9160428285598754,0.24712876453995705,0.05168906450271606,0.13747897371649742,0.18548671007156373,1.9737764179706574,0.09224985837936402,0.3810703486204147,0.04795562028884888,0.21657280549407004,0.06723271608352661
1bd040a8-1828-4f1f-933e-20fd53c45641,ep013.npz,2,23,6.369196891784668,0,2.8449243513545857,0.9995941139806918,3.16499996185303,2.9000000104723904,,-0.0196075439453125,0.25560849383473394,0.11005449295043945,1.7807152576744556,0.5800750494003296,0.05531489737331867,0.10179445743560792,0.6032657891511917,0.22383522987365723,0.05138115435838699,0.4129430532455444,0.04682907145470381,0.10161545276641845,0.057276923581957816,0.10183863639831543
1bd040a8-1828-4f1f-933e-20fd53c45641,ep013.npz,3,33,7.1867828369140625,0,2.8449243513545857,0.9995941139806918,3.16499996185303,2.9000000104723904,2.7025916685870635,-0.02414846420288086,0.12089368626475334,0.0968780755996704,0.1942720016464591,0.09606373310089111,0.025250118784606458,0.09295439720153809,0.01481122919358313,0.08819406032562256,0.10176535621285439,0.31426067352294923,0.03165620700456202,0.09286963939666748,0.0237689474131912,0.0929750919342041
1bd040a8-1828-4f1f-933e-20fd53c45641,ep013.npz,4,43,7.818138122558594,0,2.8449243513545857,0.9995941139806918,3.16499996185303,2.9000000104723904,2.6745880378419513,-0.030599355697631832,0.10019004512578249,0.099914288520813,0.027070548618212342,0.18378183841705323,0.02520949358586222,0.09671399593353272,0.050577631080523135,0.1826319456100464,0.09086181968450546,0.29298105239868166,0.03070610542781651,0.09664509296417237,0.023938607377931475,0.09673106670379639
1bd040a8-1828-4f1f-933e-20fd53c45641,ep013.npz,5,53,8.489431381225586,0,2.8449243513545857,0.9995941139806918,3.16499996185303,2.9000000104723904,,0.019316673278808594,0.01746507310308516,0.10932619571685791,0.25125056682154534,0.28936357498168946,0.013704762049019336,0.10894200801849366,0.10126539948396385,0.2852883577346802,0.024118898808956145,0.39139676094055176,0.014459942048415542,0.10893323421478271,0.013530150637961924,0.10894474983215333
1bd040a8-1828-4f1f-933e-20fd53c45641,ep013.npz,6,63,9.211796760559082,0,2.8449243513545857,0.9995941139806918,3.16499996185303,2.9000000104723904,,0.010138988494873047,0.07276355801150203,0.10459104776382447,0.2413308961316943,0.1453675627708435,0.00570729267783463,0.10398241281509399,0.06386493532918394,0.1401307225227356,0.029864799976348878,0.2995092749595642,0.0027521662414073944,0.10396884679794312,0.006390571361407638,0.1039852499961853
1c3a2c7c-7e82-4c22-92ad-59a5823b3c5f,ep014.npz,0,3,4.797746181488037,1,2.872672429694497,0.9979351438986516,3.16499996185303,2.8999999826751592,2.9873220563804566,0.16312097385525703,0.7571879010647535,0.4678672254085541,0.4895617663860321,0.5969296872615815,0.08626046124845743,0.2830506980419159,0.18200638005509973,0.47320818305015566,0.541968509554863,1.5657710134983063,0.12425722563639283,0.2789950788021088,0.0819461140781641,0.2835342109203339
1c3a2c7c-7e82-4c22-92ad-59a5823b3c5f,ep014.npz,1,13,8.745453834533691,1,2.872672429694497,0.9979351438986516,3.16499996185303,2.8999999826751592,2.3958017305101995,-0.05304671823978424,0.10853278862778097,0.18273004293441772,0.12492513208562742,0.46617146730422976,0.04692175769014284,0.17702420949935913,0.1270361185190268,0.466172993183136,0.12814716398715972,0.7110579609870911,0.05372171591152437,0.17689989805221557,0.046149178117047995,0.17703837156295776
1c3a2c7c-7e82-4c22-92ad-59a5823b3c5f,ep014.npz,2,23,10.094278335571289,1,2.872672429694497,0.9979351438986516,3.16499996185303,2.8999999826751592,2.8060402582044675,-0.03923942893743515,0.3215965423732996,0.16617603302001954,0.5689006235450507,0.15163016319274902,0.0386643317528069,0.14911274909973143,0.05710359290242195,0.11095104217529297,0.22782041728496552,0.450898551940918,0.0544989793561399,0.14874258041381835,0.03686529165133834,0.1491569995880127
1c3a2c7c-7e82-4c22-92ad-59a5823b3c5f,ep014.npz,3,33,10.935335159301758,0,2.872672429694497,0.9979351438986516,3.16499996185303,2.8999999826751592,,-0.0016758367419242859,0.01313365895766765,0.11009879112243652,0.09134409478865564,0.07389264106750489,0.015109356504399329,0.11001191139221192,0.014966100151650608,0.07466020584106445,0.029393783211708067,0.1767850399017334,0.0163053645985201,0.11001124382019042,0.014973469986580312,0.11001191139221192
1c3a2c7c-7e82-4c22-92ad-59a5823b3c5f,ep014.npz,4,43,11.0367431640625,0,2.872672429694497,0.9979351438986516,3.16499996185303,2.8999999826751592,,-0.0029961541295051575,0.027019025897607206,0.10851552486419677,0.03817688506096602,0.10240037441253662,0.017884019948542117,0.10850279331207276,0.02173157174838707,0.10236160755157471,0.013076116144657136,0.12402222156524659,0.017481463099829852,0.10850136280059815,0.017929757427191363,0.10850279331207276
1c3a2c7c-7e82-4c22-92ad-59a5823b3c5f,ep014.npz,5,53,11.148378372192383,0,2.872672429694497,0.9979351438986516,3.16499996185303,2.8999999826751592,,-0.00533650815486908,0.02485214506741613,0.08990294933319092,0.03880516472272575,0.13645451068878173,0.018101224256679416,0.08965380191802978,0.013179739995393902,0.136083722114563,0.04013772606849671,0.035265994071960446,0.019946295546833425,0.08964846134185792,0.017891592590603977,0.08965399265289306
1c3a2c7c-7e82-4c22-92ad-59a5823b3c5f,ep014.npz,6,63,11.128658294677734,0,2.872672429694497,0.9979351438986516,3.16499996185303,2.8999999826751592,,0.0059224143624305725,0.06312247612513602,0.13588526248931884,0.01993885941337794,0.11197283267974853,0.01080512530170381,0.1354975461959839,0.005613732303027063,0.11189262866973877,0.017661431431770326,0.2974179029464722,0.008499569003470242,0.13548896312713624,0.011067078833002597,0.1354992628097534
204b15b4-bd0a-4155-b01e-572c55197d0e,ep015.npz,0,3,28.805397033691406,0,,,3.16499996185303,2.9000000029880373,,0.003923898213542998,0.12656360007822515,0.04530653953552246,0.06737885549664498,0.08746743202209473,0.033345248783007264,0.04489588737487793,0.012936464825179428,0.08760933876037598,0.01957953805103898,0.5675432682037354,0.029237312125042082,0.04488663673400879,,
204b15b4-bd0a-4155-b01e-572c55197d0e,ep015.npz,1,13,26.95551872253418,0,,,3.16499996185303,2.9000000029880373,,-0.005460344022139907,0.02936529237776995,0.0853431224822998,0.04042424504877999,0.12135367393493653,0.04999152998207137,0.08517260551452636,0.05463651724276133,0.12134242057800293,0.06211666464805603,0.2809102535247803,0.05100674428977072,0.08516840934753418,,
204b15b4-bd0a-4155-b01e-572c55197d0e,ep015.npz,2,23,25.884326934814453,0,,,3.16499996185303,2.9000000029880373,,-0.0022135244216769934,0.03023818051442504,0.08523612022399903,0.04219950479455292,0.033219003677368165,0.026168449316173792,0.08507266044616699,0.023248664871789514,0.03343214988708496,0.0552625217474997,0.26653256416320803,0.02860444402322173,0.08506827354431153,,
204b15b4-bd0a-4155-b01e-572c55197d0e,ep015.npz,3,33,25.047855377197266,0,,,3.16499996185303,2.9000000029880373,,-0.0012006119359284642,0.0628635031171143,0.09298253059387207,0.0572916719596833,0.03395733833312988,0.020760641293600203,0.09263119697570801,0.023465448059141636,0.03384079933166504,0.0641203660517931,0.15825257301330567,0.02439106600359082,0.09262442588806152,,
204b15b4-bd0a-4155-b01e-572c55197d0e,ep015.npz,4,43,24.26394271850586,0,,,3.16499996185303,2.9000000029880373,,0.006138749653473496,0.152327252458781,0.10683484077453613,0.1157347452826798,0.2573573589324951,0.013291316153481603,0.10564703941345215,0.0054918957175686955,0.25649800300598147,0.06077675521373749,0.06523442268371582,0.007164146634750068,0.1056210994720459,,
204b15b4-bd0a-4155-b01e-572c55197d0e,ep015.npz,5,53,23.844186782836914,0,,,3.16499996185303,2.9000000029880373,,-0.00036138598807156086,0.09050418809056282,0.10545024871826172,0.054288132558576764,0.12960023880004884,0.02959194704890251,0.10525178909301758,0.01710358200361952,0.1295100212097168,0.004163121804594994,0.059961700439453126,0.02690768565516919,0.10524778366088867,,
204b15b4-bd0a-4155-b01e-572c55197d0e,ep015.npz,6,63,23.386415481567383,0,,,3.16499996185303,2.9000000029880373,,0.0008043178822845221,0.018798060109838845,0.1402761459350586,0.08136463011614978,0.32582893371582033,0.026669266109820455,0.14024066925048828,0.016172866942360996,0.32547712326049805,0.03081201557070017,0.17467336654663085,0.02701613085810095,0.14024066925048828,,
2172a5a3-8a1d-4458-8aa7-b86ca16eb2d8,ep016.npz,0,3,16.15365219116211,1,,,2.73000001907349,2.900000000759012,2.822885693360468,-0.022545781917870045,0.2719429774209857,0.22803213596343994,0.4139722311869264,0.3210155725479126,0.013290827628225088,0.22175438404083253,0.045585131365805866,0.30758802890777587,0.1629351256415248,0.6759709596633912,0.004003051854670048,0.2218630075454712,,
2172a5a3-8a1d-4458-8aa7-b86ca16eb2d8,ep016.npz,1,13,18.407617568969727,1,,,2.73000001907349,2.900000000759012,3.1393056794939262,-0.02321562170982361,0.4912338025867939,0.31831552982330324,0.501009627059102,0.18431761264801025,0.017324572801589964,0.29902870655059816,0.03056768625974655,0.16309702396392822,0.2847957111895084,1.2290451765060424,0.010531745851039886,0.2993644952774048,,
2172a5a3-8a1d-4458-8aa7-b86ca16eb2d8,ep016.npz,2,23,20.853744506835938,0,,,2.73000001907349,2.900000000759012,,-0.007272046059370041,0.05321149998344481,0.2160949230194092,0.03588556819595397,0.12955842018127442,0.02914790667127818,0.21569399833679198,0.05889297886751592,0.12951979637145997,0.07100216150283814,0.5452930927276611,0.026541604124940932,0.21570181846618652,,
2172a5a3-8a1d-4458-8aa7-b86ca16eb2d8,ep016.npz,3,33,21.871639251708984,0,,,2.73000001907349,2.900000000759012,,0.003587193787097931,0.14224196467548608,0.1448812484741211,0.3698534118011594,0.21766538619995118,0.009942067880183458,0.1435391426086426,0.07324870200827718,0.22391319274902344,0.08945354521274566,0.04872627258300781,0.005740531720221043,0.14356327056884766,,
2172a5a3-8a1d-4458-8aa7-b86ca16eb2d8,ep016.npz,4,43,21.598451614379883,0,,,2.73000001907349,2.900000000759012,,-0.000898219645023346,0.3210440495982766,0.14305615425109863,0.3078548461198807,0.11777262687683106,0.054714132100343704,0.13855557441711425,0.05016997661441565,0.11297240257263183,0.08863158822059632,0.04343924522399902,0.06344400178641081,0.1386343479156494,,
2172a5a3-8a1d-4458-8aa7-b86ca16eb2d8,ep016.npz,5,53,21.28591537475586,1,,,2.73000001907349,2.900000000759012,2.9273102617808657,-0.02065487578511238,0.3201603591442108,0.2185758113861084,0.3675636760890484,0.5091544628143311,0.022051054798066617,0.21072096824645997,0.012535150442272425,0.49901156425476073,0.2017487555742264,0.48311629295349123,0.010861744079738856,0.21085619926452637,,
2172a5a3-8a1d-4458-8aa7-b86ca16eb2d8,ep016.npz,6,63,22.355436325073242,1,,,2.73000001907349,2.900000000759012,,-0.017821408808231354,0.2559811927378178,0.2857649803161621,0.13225675504654646,0.510042953491211,0.03305266224779189,0.2798754692077637,0.07573217810131609,0.5071105003356934,0.18471693396568298,0.9007499694824219,0.023608814924955368,0.27997865676879885,,
24fee8a5-9ccc-4610-b27b-560f08fd46c8,ep017.npz,0,3,10.706905364990234,1,3.1399658156563857,0.9997683854878133,2.73000001907349,2.899999989584736,2.830745764328401,-0.05256572552025318,0.32194853238761423,0.17307252883911134,0.3629260636866093,0.490895938873291,0.028080830443650485,0.1927438735961914,0.016695187147706746,0.5136634826660156,0.21190459094941616,1.6338547229766847,0.016637983731925488,0.19240159988403321,0.04212517030537129,0.19313449859619142
24fee8a5-9ccc-4610-b27b-560f08fd46c8,ep017.npz,1,13,6.0302886962890625,0,3.1399658156563857,0.9997683854878133,2.73000001907349,2.899999989584736,,0.0025639608502388,0.06467683822847903,0.0975296974182129,0.04399065538309514,0.8902570962905884,0.02344264442799613,0.09800310134887695,0.014711190841626375,0.8899484395980835,0.0017386212944984435,0.7909458875656128,0.024794153904076667,0.09799489974975586,0.021783976105507464,0.09801280498504639
24fee8a5-9ccc-4610-b27b-560f08fd46c8,ep017.npz,2,23,3.1237752437591553,0,3.1399658156563857,0.9997683854878133,2.73000001907349,2.899999989584736,,5.3316354751586914e-05,0.003191706776851788,0.22913251519203187,0.003151199943386018,0.18587951064109803,0.0018275627546245233,0.22913424372673036,0.001813595011481084,0.18588097691535949,0.0011095907539129257,1.8355633914470673,0.0018722716253250838,0.22913424372673036,0.001772693132807035,0.22913424372673036
24fee8a5-9ccc-4610-b27b-560f08fd46c8,ep017.npz,3,33,0.13529029488563538,0,3.1399658156563857,0.9997683854878133,2.73000001907349,2.899999989584736,,0.01618112623691559,0.00019374249025361223,0.0250426372513175,0.00036317184567451476,0.06605360265821218,0.0003045880632839726,0.025042062066495417,0.00036317184567451476,0.06605360265821218,0.00036317184567451476,0.07445100415498018,0.0003009399999747586,0.025042071007192135,0.0003090651988003401,0.025042048655450344
24fee8a5-9ccc-4610-b27b-560f08fd46c8,ep017.npz,4,43,1.261586308479309,1,3.1399658156563857,0.9997683854878133,2.73000001907349,2.899999989584736,2.934633100821312,0.6563224941492081,0.6422080988064408,0.8563584506511688,0.10074301846325398,0.5131255984306335,0.16468228115700184,0.3010087311267853,0.4263399130199105,0.35547646284103396,0.7183799238875508,2.169642835855484,0.13178212712518872,0.31219322681427003,0.20542129524983466,0.28815422058105467
24fee8a5-9ccc-4610-b27b-560f08fd46c8,ep017.npz,5,53,5.614748954772949,1,3.1399658156563857,0.9997683854878133,2.73000001907349,2.899999989584736,3.2327359866828407,0.7812944054603577,2.03319865167141,3.4403574109077453,1.5712568879127502,3.599951386451721,0.08172624856233597,0.2525694131851196,0.2142336681485176,0.6194820165634155,2.3003424525260927,0.5886528015136718,0.10118144229054452,0.32496531009674073,0.2339924916625023,0.168947434425354
24fee8a5-9ccc-4610-b27b-560f08fd46c8,ep017.npz,6,63,9.084888458251953,1,3.1399658156563857,0.9997683854878133,2.73000001907349,2.899999989584736,4.032115062827892,0.06551015377044678,1.414091120660305,0.49119818210601807,4.107617846131324,2.186329746246338,0.15674082562327385,0.299934983253479,1.2620541393756866,0.557551646232605,0.5147112339735032,1.4950469255447387,0.1983870841562748,0.30326735973358154,0.10587384775280953,0.2961182832717896
2602baaa-4364-4c50-8fb5-a27254c77cb3,ep018.npz,0,3,27.173904418945312,1,,,3.21600008010864,2.90000000017183,,0.016944055445492268,0.3582379799336195,0.20409636497497557,0.7628252010792493,0.22549567222595215,0.014633981604129076,0.19702563285827637,0.12732472717761995,0.20225729942321777,0.21028733886778356,0.1779794216156006,0.03385804910212755,0.19684786796569825,,
2602baaa-4364-4c50-8fb5-a27254c77cb3,ep018.npz,1,13,27.178544998168945,1,,,3.21600008010864,2.90000000017183,2.7366889969348884,0.022807681933045384,0.2062898287549615,0.20823373794555664,0.31072955671697855,0.20837106704711914,0.061108135432004926,0.20384645462036133,0.024762648716568948,0.20200138092041015,0.2004771798849106,0.22882909774780275,0.07480199253186584,0.20373296737670898,,
2602baaa-4364-4c50-8fb5-a27254c77cb3,ep018.npz,2,23,27.26687240600586,1,,,3.21600008010864,2.90000000017183,2.9701730181894788,0.026620473712682724,0.46774277575314044,0.21368207931518554,0.6924410946667194,0.19940223693847656,0.02238438967615366,0.20036725997924804,0.0588820556178689,0.17632408142089845,0.2798058569431305,0.20287799835205078,0.04767665946856141,0.20003032684326172,,
2602baaa-4364-4c50-8fb5-a27254c77cb3,ep018.npz,3,33,27.26160430908203,1,,,3.21600008010864,2.90000000017183,3.016968626062825,0.022851526737213135,0.370667003467679,0.19058098793029785,0.3661265827715397,0.09323534965515137,0.030473789758980276,0.1811985492706299,0.03204342424869537,0.08423752784729004,0.24101475477218628,0.07338433265686035,0.051160221733152864,0.18096003532409669,,
2602baaa-4364-4c50-8fb5-a27254c77cb3,ep018.npz,4,43,26.999523162841797,1,,,3.21600008010864,2.90000000017183,,0.015545658767223358,0.20497150104492903,0.19546313285827638,0.3068787520751357,0.21200308799743653,0.042881070822477343,0.19211363792419434,0.011083024833351374,0.2063366413116455,0.17270933985710143,0.16059060096740724,0.055637606605887416,0.19202876091003418,,
2602baaa-4364-4c50-8fb5-a27254c77cb3,ep018.npz,5,53,26.916423797607422,1,,,3.21600008010864,2.90000000017183,2.9639548667882156,0.029146723449230198,0.42517766579985616,0.22212395668029786,0.298069467023015,0.26711344718933105,0.046799701638519764,0.20832247734069825,0.0906751660630107,0.25844378471374513,0.2946410715579987,0.2747011661529541,0.0711503547616303,0.20797438621520997,,
2602baaa-4364-4c50-8fb5-a27254c77cb3,ep018.npz,6,63,27.067495346069336,1,,,3.21600008010864,2.90000000017183,2.9381714086607085,0.02463161945343018,0.38299986384809015,0.22332773208618165,0.5137563541531562,0.21695451736450194,0.017667808476835488,0.21415576934814454,0.029840807430446148,0.20345115661621094,0.22818045020103456,0.29644432067871096,0.03835152629762888,0.21392669677734374,,
262b900f-2cff-4ddf-a95e-2aaa5eaff9bc,ep019.npz,0,3,16.69070053100586,0,2.8651718788961755,0.9997036707963968,3.16499996185303,2.8999999962727747,,0.0028619770891964436,0.05359605287667364,0.12200171947479248,0.07290885446127504,0.07865602970123291,0.01806428380077705,0.12190496921539307,0.024724017980042846,0.07869670391082764,0.0038324535125866532,0.17280495166778564,0.01649848003871739,0.12190277576446533,0.018291606509592384,0.12190496921539307
262b900f-2cff-4ddf-a95e-2aaa5eaff9bc,ep019.npz,1,13,16.363487243652344,0,2.8651718788961755,0.9997036707963968,3.16499996185303,2.8999999962727747,,0.014638041146099567,0.015927691373508423,0.14085841178894043,0.04113712201360613,0.6417845726013184,0.01153811916592531,0.14075403213500975,0.016852682048920542,0.6417062282562256,0.014094534609466792,0.1890885353088379,0.011752160283504055,0.14075174331665039,0.011507045634789392,0.14075403213500975
262b900f-2cff-4ddf-a95e-2aaa5eaff9bc,ep019.npz,2,23,16.937116622924805,1,2.8651718788961755,0.9997036707963968,3.16499996185303,2.8999999962727747,2.7735261808692244,0.11145781539380549,0.7036191791296005,0.20598106384277343,0.3551787741482258,0.1044694423675537,0.09482258073985576,0.13156485557556152,0.21620001308619977,0.07479825019836425,0.516598305106163,0.20558404922485352,0.13010665196925403,0.12994871139526368,0.08970073293894529,0.13181009292602539
262b900f-2cff-4ddf-a95e-2aaa5eaff9bc,ep019.npz,3,33,17.039438247680664,1,2.8651718788961755,0.9997036707963968,3.16499996185303,2.8999999962727747,2.870274248230181,0.17459158599376678,1.565672081708908,0.39454078674316406,1.1350078567862512,0.2122427463531494,0.13114362731575965,0.10766525268554687,0.28471963442862036,0.04243898391723633,1.038074392080307,0.04756455421447754,0.20687980465590955,0.10140523910522461,0.12015278972685337,0.10862016677856445
262b900f-2cff-4ddf-a95e-2aaa5eaff9bc,ep019.npz,4,43,16.776798248291016,1,2.8651718788961755,0.9997036707963968,3.16499996185303,2.8999999962727747,2.866466275296481,0.16447877883911136,1.4350601330399513,0.3091479539871216,1.7012796565890311,0.28990471363067627,0.09801614806056022,0.07302420139312744,0.009125187247991561,0.0275829553604126,0.9150228857994079,0.2518329381942749,0.1662723921239376,0.06787798404693604,0.08811007998883724,0.07380964756011962
262b900f-2cff-4ddf-a95e-2aaa5eaff9bc,ep019.npz,5,53,16.30258560180664,1,2.8651718788961755,0.9997036707963968,3.16499996185303,2.8999999962727747,2.997477910270735,0.14093992114067078,1.6882379680871964,0.40646317005157473,1.6272603541612625,0.46707217693328856,0.08611590154469013,0.10678584575653076,0.10688385367393494,0.1714489698410034,1.0335485100746156,0.045345854759216306,0.1652442689985037,0.10025041103363037,0.07463256567716599,0.10777995586395264
262b900f-2cff-4ddf-a95e-2aaa5eaff9bc,ep019.npz,6,63,16.10849380493164,0,2.8651718788961755,0.9997036707963968,3.16499996185303,2.8999999962727747,,-0.015871405601501465,0.33193888105452063,0.11438212394714356,0.9138417705893517,0.09537606239318848,0.03474152758717537,0.1072925090789795,0.2356526916846633,0.050789499282836915,0.12271250486373901,0.04498686790466309,0.022150068450719117,0.10713939666748047,0.036606785468757154,0.10731739997863769
