no_at_fault_collisions,drivable_area_compliance,driving_direction_compliance,traffic_light_compliance,ego_progress,time_to_collision_within_bound,lane_keeping,history_comfort,multiplicative_metrics_prod,weighted_metrics,weighted_metrics_array,pdm_score,valid,log_name,frame_type,start_time,endpoint_x,endpoint_y,start_point_x,start_point_y,token
0.0,1.0,0.0,1.0,1.0,0.0,1.0,1.0,0.0,[1. 0. 1. 1. 0.],[5. 5. 2. 2. 2.],0.0,True,2021.09.29.19.02.14_veh-28_02911_03005,0,1632945157.7996979,331573.6676197552,4689333.0530617265,331601.721969442,4689330.118968012,5f53001e7e2d5347
1.0,1.0,1.0,1.0,0.4282492740305906,1.0,1.0,1.0,1.0,[0.42824927 1.         1.         1.         0.        ],[5. 5. 2. 2. 2.],0.7958033121537823,True,2021.09.16.13.53.10_veh-42_00180_00342,0,1631800680.899344,589251.9382164368,4474179.176845104,589242.0472052258,4474176.759019697,ae472d675a965aca
0.0,0.0,1.0,1.0,0.9827726528565215,0.0,1.0,1.0,0.0,[0.98277265 0.         1.         1.         0.        ],[5. 5. 2. 2. 2.],0.0,True,2021.08.30.14.54.34_veh-40_00439_00835,0,1630335851.5005128,331385.17543580075,4690967.764729942,331410.0991830117,4690947.028148036,c054f473288d5515
1.0,1.0,1.0,1.0,0.9516357537823119,1.0,1.0,1.0,1.0,[0.95163575 1.         1.         1.         0.        ],[5. 5. 2. 2. 2.],0.8398699120651114,True,2021.08.30.14.54.34_veh-40_00439_00835,0,1630335851.000633,331386.9083020109,4690965.017278778,331413.13880491117,4690944.533311284,68097b10029d5fe1
0.5,0.0,1.0,1.0,0.41945930073117355,0.0,1.0,1.0,0.0,[0.4194593 0.        1.        1.        0.       ],[5. 5. 2. 2. 2.],0.0,True,2021.09.16.13.53.10_veh-42_00180_00342,0,1631800681.3990788,589255.0267901977,4474180.368699088,589243.3815367504,4474177.106909354,f14e7ed78b5d55b4
1.0,0.0,1.0,1.0,0.8837821403061267,1.0,1.0,1.0,0.0,[0.88378214 1.         1.         1.         0.        ],[5. 5. 2. 2. 2.],0.0,True,2021.08.16.14.23.37_veh-45_00015_00132,0,1629124048.500084,588936.78811182,4474948.328120239,588949.7255746338,4474914.198934419,4cac9f6cd85a5b47
0.0,0.0,0.5,1.0,0.7180111822123013,0.0,1.0,1.0,0.0,[0.71801118 0.         1.         1.         0.        ],[5. 5. 2. 2. 2.],0.0,True,2021.09.29.19.02.14_veh-28_02911_03005,0,1632945158.299608,331568.913178185,4689335.138458034,331598.1846219732,4689330.576005744,3c542be991515ccd
1.0,0.0,1.0,1.0,1.0,1.0,1.0,1.0,0.0,[1. 1. 1. 1. 0.],[5. 5. 2. 2. 2.],0.0,True,2021.09.16.15.47.30_veh-45_01199_01391,0,1631808551.2995698,587720.316182371,4475562.763876031,587704.8190818963,4475545.223946949,13310ca9a7715154
1.0,1.0,1.0,1.0,0.8822524987708213,1.0,1.0,1.0,1.0,[0.8822525 1.        1.        1.        0.       ],[5. 5. 2. 2. 2.],0.957947320989579,True,2021.08.16.14.23.37_veh-45_00015_00132,0,1629124048.000377,588938.4491357591,4474944.16990488,588951.2628397987,4474910.0932001425,2382542e05f253df
1.0,1.0,1.0,1.0,0.9926912333700368,1.0,1.0,1.0,1.0,[0.99269123 1.         1.         1.         0.        ],[5. 5. 2. 2. 2.],0.9973897262035846,True,2021.09.16.19.27.01_veh-45_01749_03230,0,1631822757.500365,587582.0641519007,4475577.073597923,587557.3135848412,4475585.698763372,19e90f2757b25f38
1.0,1.0,1.0,1.0,0.7565043588615681,1.0,1.0,1.0,1.0,[0.75650436 1.         1.         1.         0.        ],[5. 5. 2. 2. 2.],0.9130372710219886,True,2021.10.06.08.16.17_veh-52_01590_01725,0,1633509880.200006,365789.6830910234,143342.8770537714,365788.397083403,143372.78371830107,ed3db88f99a05a6c
1.0,1.0,1.0,1.0,1.0,1.0,1.0,1.0,1.0,[1. 1. 1. 1. 0.],[5. 5. 2. 2. 2.],1.0,True,2021.09.16.19.27.01_veh-45_01749_03230,0,1631822758.0006928,587582.7839297837,4475576.718491313,587560.1601854337,4475584.715901437,f6b9867069845fd2
0.0,1.0,1.0,1.0,1.0,0.0,1.0,1.0,0.0,[1. 0. 1. 1. 0.],[5. 5. 2. 2. 2.],0.0,True,2021.09.16.15.47.30_veh-45_01199_01391,0,1631808655.300696,588033.593770442,4475714.437887698,588002.1710295947,4475681.135305075,f3ca2707d87a586b
1.0,1.0,1.0,1.0,0.7554745852063265,1.0,1.0,1.0,1.0,[0.75547459 1.         1.         1.         0.        ],[5. 5. 2. 2. 2.],0.9126694947165451,True,2021.10.06.08.16.17_veh-52_01590_01725,0,1633509880.699771,365790.0596455822,143339.21735808998,365788.59545580763,143369.13966477392,0dc54a8c8203567b
1.0,1.0,1.0,1.0,1.0,1.0,1.0,1.0,1.0,[1. 1. 1. 1. 0.],[5. 5. 2. 2. 2.],1.0,True,2021.09.16.15.47.30_veh-45_01199_01391,0,1631808655.800463,588038.1488264881,4475718.066465489,588006.004414665,4475685.138716207,c1839a3333695317
1.0,0.0,1.0,1.0,0.7415393167362762,1.0,1.0,1.0,0.0,[0.74153932 1.         1.         1.         0.        ],[5. 5. 2. 2. 2.],0.0,True,2021.09.16.15.47.30_veh-45_01199_01391,0,1631808550.799669,587718.6966860646,4475560.912841119,587702.9642111862,4475543.05686029,d01fec804cd45644
1.0,1.0,1.0,1.0,0.39970607829541677,1.0,1.0,1.0,1.0,[0.39970608 1.         1.         1.         0.        ],[5. 5. 2. 2. 2.],0.7856093136769345,True,2021.10.06.08.16.17_veh-52_01590_01725,1,1633509884.699713,365788.0373072028,143343.95067869255,365788.5082674848,143350.9471373839,12499ddd90200ea9f
0.0,0.0,0.0,1.0,0.8049352269505371,0.0,0.0,1.0,0.0,[0.80493523 0.         0.         1.         0.        ],[5. 5. 2. 2. 2.],0.0,True,2021.09.29.19.02.14_veh-28_02911_03005,1,1632945161.7997289,331551.2755747517,4689349.13884859,331575.945779709,4689337.697199305,7a999e76f404c4956
1.0,1.0,0.5,1.0,1.0,1.0,0.0,1.0,0.5,[1. 1. 0. 1. 0.],[5. 5. 2. 2. 2.],0.42857142857142855,True,2021.08.16.14.23.37_veh-45_00015_00132,1,1629124052.499943,588921.1077613832,4475002.485725375,588933.9477526493,4474959.013953136,8e653e8d9b170a7dd
0.0,1.0,1.0,1.0,0.3802115477825296,0.0,0.0,1.0,0.0,[0.38021155 0.         0.         1.         0.        ],[5. 5. 2. 2. 2.],0.0,True,2021.09.29.19.02.14_veh-28_02911_03005,1,1632945162.29987,331575.9637252453,4689335.1512311995,331582.4724853818,4689333.761984227,5a6f69ea54c00b6d2
1.0,1.0,1.0,1.0,0.5167729491542753,1.0,1.0,1.0,1.0,[0.51677295 1.         1.         1.         0.        ],[5. 5. 2. 2. 2.],0.8274189104122411,True,2021.09.29.19.02.14_veh-28_02911_03005,1,1632945162.29987,331570.30461604265,4689337.467866965,331579.90225486807,4689334.702326402,c909e005442d28a9c
0.0,0.0,1.0,1.0,1.0,0.0,1.0,1.0,0.0,[1. 0. 1. 1. 0.],[5. 5. 2. 2. 2.],0.0,True,2021.08.30.14.54.34_veh-40_00439_00835,1,1630335855.5004148,331354.08050918084,4690987.9347382905,331383.2560455549,4690967.250668117,7caf8d7d76cd0a120
1.0,1.0,1.0,1.0,0.8421234852103859,1.0,1.0,1.0,1.0,[0.84212349 1.         1.         1.         0.        ],[5. 5. 2. 2. 2.],0.9436155304322806,True,2021.09.16.15.47.30_veh-45_01199_01391,1,1631808659.300555,588040.0742176072,4475720.028534464,588026.8715557922,4475706.636938939,8413ea29ea72fdfde
0.0,1.0,1.0,1.0,0.44869101163855774,0.0,0.0,1.0,0.0,[0.44869101 0.         0.         1.         0.        ],[5. 5. 2. 2. 2.],0.0,True,2021.09.29.19.02.14_veh-28_02911_03005,1,1632945161.7997289,331574.61822110665,4689335.45373007,331583.34452081943,4689333.582932697,9cb5545908502a26c
1.0,1.0,1.0,1.0,0.5167728634535463,1.0,0.0,1.0,1.0,[0.51677286 1.         0.         1.         0.        ],[5. 5. 2. 2. 2.],0.6845617369476952,True,2021.08.30.14.54.34_veh-40_00439_00835,1,1630335855.000484,331389.98481378244,4690962.152844566,331397.3409910761,4690956.858968769,e0e4ca847f84568a3
1.0,1.0,0.0,1.0,0.9543534521025662,1.0,0.0,1.0,0.0,[0.95435345 1.         0.         1.         0.        ],[5. 5. 2. 2. 2.],0.0,True,2021.08.16.14.23.37_veh-45_00015_00132,1,1629124052.499943,588921.1858134328,4474990.280834273,588935.846882553,4474951.451948328,2a46d49b6aa55f1ca
0.0,1.0,0.0,1.0,1.0,0.0,0.0,1.0,0.0,[1. 0. 0. 1. 0.],[5. 5. 2. 2. 2.],0.0,True,2021.09.16.15.47.30_veh-45_01199_01391,1,1631808659.800304,588073.9411811075,4475746.798359778,588039.3936205701,4475716.553229247,ef08e59a9c882aea6
0.0,0.0,0.0,1.0,1.0,0.0,1.0,1.0,0.0,[1. 0. 1. 1. 0.],[5. 5. 2. 2. 2.],0.0,True,2021.09.16.15.47.30_veh-45_01199_01391,1,1631808659.800304,588051.2060781338,4475731.09121191,588031.362336232,4475710.789511022,ba3f20b19ddb93cb1
0.0,1.0,0.5,1.0,1.0,0.0,1.0,1.0,0.0,[1. 0. 1. 1. 0.],[5. 5. 2. 2. 2.],0.0,True,2021.09.16.15.47.30_veh-45_01199_01391,1,1631808659.800304,588049.7231370972,4475727.577490584,588030.4215095465,4475709.262435247,8c19ef349d4fc37cb
0.0,1.0,1.0,0.0,1.0,0.0,1.0,1.0,0.0,[1. 0. 1. 1. 0.],[5. 5. 2. 2. 2.],0.0,True,2021.09.16.15.47.30_veh-45_01199_01391,1,1631808555.2996619,587731.9016646257,4475582.147321109,587718.8016580663,4475564.270600004,4855fc07a04961bfd
1.0,0.0,0.5,1.0,0.7081070518987748,1.0,0.0,1.0,0.0,[0.70810705 1.         0.         1.         0.        ],[5. 5. 2. 2. 2.],0.0,True,2021.09.16.13.53.10_veh-42_00180_00342,1,1631800684.900173,589253.0490009927,4474201.522788657,589249.6496772685,4474184.493695866,646aa5cbfd5f84a9e
1.0,1.0,1.0,0.0,1.0,1.0,0.0,1.0,0.0,[1. 1. 0. 1. 0.],[5. 5. 2. 2. 2.],0.0,True,2021.09.16.15.47.30_veh-45_01199_01391,1,1631808554.7998118,587731.7459394922,4475578.895774575,587716.7949514076,4475560.810205926,a946e96acbe5186d9
0.0,1.0,1.0,1.0,1.0,0.0,0.0,1.0,0.0,[1. 0. 0. 1. 0.],[5. 5. 2. 2. 2.],0.0,True,2021.08.30.14.54.34_veh-40_00439_00835,1,1630335855.5004148,331360.9887216075,4690978.871540227,331387.345834862,4690964.330727378,bef503ff5929be3a8
1.0,1.0,1.0,1.0,0.4621222030683866,1.0,0.0,1.0,1.0,[0.4621222 1.        0.        1.        0.       ],[5. 5. 2. 2. 2.],0.6650436439529953,True,2021.08.30.14.54.34_veh-40_00439_00835,1,1630335855.5004148,331390.45739667036,4690961.778292088,331396.5630399238,4690957.422562606,50442ffec20a73824
0.0,0.0,0.0,1.0,0.9525418825830019,0.0,0.0,1.0,0.0,[0.95254188 0.         0.         1.         0.        ],[5. 5. 2. 2. 2.],0.0,True,2021.09.29.19.02.14_veh-28_02911_03005,1,1632945161.7997289,331553.4398471922,4689345.597357463,331575.9617626483,4689336.798542999,13f7d51df20a8dc66
1.0,1.0,1.0,1.0,1.0,1.0,1.0,1.0,1.0,[1. 1. 1. 1. 0.],[5. 5. 2. 2. 2.],1.0,True,2021.09.16.15.47.30_veh-45_01199_01391,1,1631808555.2996619,587723.4499677414,4475568.163260386,587717.5811147947,4475560.728648463,c58481114df532967
0.0,0.0,0.0,1.0,1.0,0.0,0.0,1.0,0.0,[1. 0. 0. 1. 0.],[5. 5. 2. 2. 2.],0.0,True,2021.09.16.15.47.30_veh-45_01199_01391,1,1631808659.300555,588061.0059960441,4475739.763134579,588031.8110192876,4475711.360266316,8f3bf4b1cb4be05f8
0.0,0.0,0.0,1.0,1.0,0.0,0.0,1.0,0.0,[1. 0. 0. 1. 0.],[5. 5. 2. 2. 2.],0.0,True,2021.09.16.15.47.30_veh-45_01199_01391,1,1631808659.800304,588067.5050589044,4475745.704541745,588038.3148782955,4475715.855302843,188fef8a871d3bb74
1.0,1.0,1.0,1.0,0.24219444022033632,1.0,0.0,1.0,1.0,[0.24219444 1.         0.         1.         0.        ],[5. 5. 2. 2. 2.],0.5864980143644057,True,2021.09.16.19.27.01_veh-45_01749_03230,1,1631822762.0001838,587573.4577533003,4475580.633323906,587571.2287959765,4475581.199797667,38d50c91468fbe6e5
1.0,1.0,1.0,1.0,0.8211702934064062,1.0,1.0,1.0,1.0,[0.82117029 1.         1.         1.         0.        ],[5. 5. 2. 2. 2.],0.9361322476451451,True,2021.09.16.15.47.30_veh-45_01199_01391,1,1631808659.300555,588038.6904887503,4475718.238727271,588025.1853268376,4475704.50931926,431df46346088a1de
1.0,1.0,1.0,1.0,1.0,1.0,1.0,1.0,1.0,[1. 1. 1. 1. 0.],[5. 5. 2. 2. 2.],1.0,True,2021.09.16.15.47.30_veh-45_01199_01391,1,1631808659.800304,588045.8579672601,4475721.687973382,588029.0494839314,4475706.235275927,6d342222e4d9d2b2a
0.0,1.0,1.0,1.0,1.0,0.0,1.0,1.0,0.0,[1. 0. 1. 1. 0.],[5. 5. 2. 2. 2.],0.0,True,2021.09.16.15.47.30_veh-45_01199_01391,1,1631808659.800304,588065.0416744403,4475736.9196225125,588035.1170263056,4475711.814193147,5913dfbc435fb100c
1.0,1.0,1.0,1.0,1.0,1.0,1.0,1.0,1.0,[1. 1. 1. 1. 0.],[5. 5. 2. 2. 2.],1.0,True,2021.08.16.14.23.37_veh-45_00015_00132,1,1629124052.000155,588923.583305754,4474991.246485355,588937.2488112982,4474948.236905783,eb16cfaf356e80f1f
1.0,0.0,1.0,1.0,1.0,1.0,1.0,1.0,0.0,[1. 1. 1. 1. 0.],[5. 5. 2. 2. 2.],0.0,True,2021.09.16.13.53.10_veh-42_00180_00342,1,1631800684.900173,589255.1298267323,4474186.369250311,589249.4456191811,4474180.939997575,57e7f219c88ab8fe0
1.0,1.0,1.0,1.0,0.9994961285125086,1.0,1.0,1.0,1.0,[0.99949613 1.         1.         1.         0.        ],[5. 5. 2. 2. 2.],0.9998200458973245,True,2021.09.16.15.47.30_veh-45_01199_01391,1,1631808659.300555,588045.5999060583,4475721.011579996,588026.9353223393,4475704.333003171,8aea1806b6e406159
1.0,1.0,1.0,1.0,0.046807981649619954,1.0,1.0,1.0,1.0,[0.04680798 1.         1.         1.         0.        ],[5. 5. 2. 2. 2.],0.6595742791605785,True,2021.10.06.08.16.17_veh-52_01590_01725,1,1633509884.699713,365789.0670047529,143356.64530943005,365789.05480879755,143357.00488833842,4876fb179a00309b5
1.0,1.0,0.5,1.0,1.0,1.0,0.0,1.0,0.5,[1. 1. 0. 1. 0.],[5. 5. 2. 2. 2.],0.42857142857142855,True,2021.08.16.14.23.37_veh-45_00015_00132,1,1629124052.499943,588921.1077613832,4475002.485725375,588933.9477526493,4474959.013953136,4a5ea5d6a2735531c
0.0,1.0,1.0,0.0,1.0,0.0,0.0,1.0,0.0,[1. 0. 0. 1. 0.],[5. 5. 2. 2. 2.],0.0,True,2021.09.16.15.47.30_veh-45_01199_01391,1,1631808554.7998118,587730.1197072766,4475581.02908193,587717.2356149533,4475562.015284922,73bd1fde4cf4bbd5a
1.0,1.0,1.0,1.0,0.35517884351012285,1.0,1.0,1.0,1.0,[0.35517884 1.         1.         1.         0.        ],[5. 5. 2. 2. 2.],0.769706729825044,True,2021.10.06.08.16.17_veh-52_01590_01725,1,1633509884.699713,365788.9693480067,143347.64924667298,365788.9875183041,143353.5007728554,ae4f3518384257a07
0.0,0.0,0.0,1.0,1.0,0.0,0.0,1.0,0.0,[1. 0. 0. 1. 0.],[5. 5. 2. 2. 2.],0.0,True,2021.09.16.15.47.30_veh-45_01199_01391,1,1631808659.800304,588076.2827844098,4475751.164559623,588039.8483918197,4475717.638561525,c6f215cb7b0d88628
1.0,1.0,1.0,1.0,0.7078542762877825,1.0,0.0,1.0,1.0,[0.70785428 1.         0.         1.         0.        ],[5. 5. 2. 2. 2.],0.752805098674208,True,2021.09.16.15.47.30_veh-45_01199_01391,1,1631808659.300555,588034.8475853921,4475715.010890016,588024.2966417606,4475703.989955436,026597b466e481724
0.0,1.0,1.0,1.0,1.0,0.0,1.0,1.0,0.0,[1. 0. 1. 1. 0.],[5. 5. 2. 2. 2.],0.0,True,2021.09.16.15.47.30_veh-45_01199_01391,1,1631808659.300555,588061.4837124399,4475734.304666534,588031.4342311502,4475708.830477179,6333f19e87ad08122
1.0,1.0,1.0,1.0,1.0,1.0,1.0,1.0,1.0,[1. 1. 1. 1. 0.],[5. 5. 2. 2. 2.],1.0,True,2021.09.16.13.53.10_veh-42_00180_00342,1,1631800685.4001389,589251.2091202961,4474181.232312299,589250.655968185,4474180.623242552,6c04df27e5264b20b
0.0,0.0,0.0,1.0,1.0,0.0,0.0,1.0,0.0,[1. 0. 0. 1. 0.],[5. 5. 2. 2. 2.],0.0,True,2021.09.29.19.02.14_veh-28_02911_03005,1,1632945161.7997289,331544.85391992616,4689353.389979763,331574.4729347124,4689340.527079539,3c8afefbaf08142c1
1.0,1.0,0.5,1.0,1.0,1.0,0.0,1.0,0.5,[1. 1. 0. 1. 0.],[5. 5. 2. 2. 2.],0.42857142857142855,True,2021.08.16.14.23.37_veh-45_00015_00132,1,1629124052.499943,588921.1077613832,4475002.485725375,588933.9477526493,4474959.013953136,ecefe6eb9d594a685
0.0,1.0,1.0,1.0,1.0,0.0,0.0,1.0,0.0,[1. 0. 0. 1. 0.],[5. 5. 2. 2. 2.],0.0,True,2021.08.30.14.54.34_veh-40_00439_00835,1,1630335855.000484,331360.4808769797,4690981.801613489,331388.11499169696,4690963.553513654,a31ca4af2bc4ff90a
0.0,1.0,0.0,1.0,0.7300976116023389,0.0,0.0,1.0,0.0,[0.73009761 0.         0.         1.         0.        ],[5. 5. 2. 2. 2.],0.0,True,2021.09.29.19.02.14_veh-28_02911_03005,1,1632945162.29987,331549.4945564323,4689352.842192417,331573.0156806204,4689339.211341454,e7ae2cd68d33a847e
1.0,1.0,1.0,1.0,0.48201073755967316,1.0,1.0,1.0,1.0,[0.48201074 1.         1.         1.         0.        ],[5. 5. 2. 2. 2.],0.8150038348427404,True,2021.09.29.19.02.14_veh-28_02911_03005,1,1632945161.7997289,331571.0062286827,4689337.380894671,331580.8853145912,4689334.5240330845,bffe666f9175e93c1
1.0,0.0,0.5,1.0,0.970612024868748,1.0,0.0,1.0,0.0,[0.97061202 1.         0.         1.         0.        ],[5. 5. 2. 2. 2.],0.0,True,2021.09.16.13.53.10_veh-42_00180_00342,1,1631800685.4001389,589253.014543012,4474205.114554062,589250.0508166805,4474186.667087079,c9c198442a1efdc10
1.0,1.0,1.0,1.0,0.7216996095669129,1.0,1.0,1.0,1.0,[0.72169961 1.         1.         1.         0.        ],[5. 5. 2. 2. 2.],0.9006070034167547,True,2021.08.16.14.23.37_veh-45_00015_00132,1,1629124052.000155,588933.5737758256,4474959.814652872,588941.6560319721,4474938.041555551,0d70fefa06711301c
1.0,0.0,0.5,1.0,0.7081070518987748,1.0,0.0,1.0,0.0,[0.70810705 1.         0.         1.         0.        ],[5. 5. 2. 2. 2.],0.0,True,2021.09.16.13.53.10_veh-42_00180_00342,1,1631800684.900173,589253.0490009927,4474201.522788657,589249.6496772685,4474184.493695866,ceeb361872a012bd7
1.0,1.0,1.0,1.0,0.3737988435725153,1.0,1.0,1.0,1.0,[0.37379884 1.         1.         1.         0.        ],[5. 5. 2. 2. 2.],0.776356729847327,True,2021.09.29.19.02.14_veh-28_02911_03005,1,1632945161.7997289,331576.46253625705,4689335.6056274595,331582.2864623239,4689333.886051493,bc730296c22859127
1.0,0.0,1.0,1.0,0.39244359610929364,1.0,1.0,1.0,0.0,[0.3924436 1.        1.        1.        0.       ],[5. 5. 2. 2. 2.],0.0,True,2021.09.16.13.53.10_veh-42_00180_00342,1,1631800685.4001389,589253.0996180024,4474187.223423767,589249.4814476686,4474181.123071044,6c5bcf6f99698fac4
1.0,1.0,1.0,1.0,0.817311617484123,1.0,1.0,1.0,1.0,[0.81731162 1.         1.         1.         0.        ],[5. 5. 2. 2. 2.],0.9347541491014725,True,2021.09.16.15.47.30_veh-45_01199_01391,1,1631808659.800304,588038.9794689073,4475718.876866127,588028.264671279,4475708.015166338,dd01f78238cd88b26
1.0,1.0,0.5,1.0,0.9553749851546595,1.0,0.0,1.0,0.5,[0.95537499 1.         0.         1.         0.        ],[5. 5. 2. 2. 2.],0.4206026759204749,True,2021.08.16.14.23.37_veh-45_00015_00132,1,1629124052.000155,588923.0250709029,4474985.677189409,588937.6353448515,4474946.747152201,fc8bd325b3da03b85
1.0,1.0,1.0,1.0,0.43080872525144337,1.0,0.0,1.0,1.0,[0.43080873 1.         0.         1.         0.        ],[5. 5. 2. 2. 2.],0.6538602590183726,True,2021.09.16.19.27.01_veh-45_01749_03230,1,1631822761.5000799,587575.3627357297,4475580.121458117,587570.8679478588,4475581.293643561,e03e2999009dbd343
1.0,0.0,1.0,1.0,0.6651798754375219,1.0,1.0,1.0,0.0,[0.66517988 1.         1.         1.         0.        ],[5. 5. 2. 2. 2.],0.0,True,2021.10.06.08.16.17_veh-52_01590_01725,1,1633509884.699713,365792.9907743173,143325.9896681418,365789.96404213866,143345.75329744324,f5d454a22e5731c5a
0.0,0.0,1.0,1.0,1.0,0.0,1.0,1.0,0.0,[1. 0. 1. 1. 0.],[5. 5. 2. 2. 2.],0.0,True,2021.08.30.14.54.34_veh-40_00439_00835,1,1630335855.000484,331357.8540785116,4690985.400017206,331386.72238010674,4690964.786266563,2bb929aa7298012be
1.0,1.0,1.0,1.0,0.6091949015135826,1.0,0.0,1.0,1.0,[0.6091949 1.        0.        1.        0.       ],[5. 5. 2. 2. 2.],0.7175696076834223,True,2021.09.16.19.27.01_veh-45_01749_03230,1,1631822762.0001838,587578.9534146916,4475576.5732597485,587573.7547856296,4475579.048515551,beae653519f0232e7
1.0,1.0,1.0,1.0,0.2649218143119265,1.0,1.0,1.0,1.0,[0.26492181 1.         1.         1.         0.        ],[5. 5. 2. 2. 2.],0.7374720765399737,True,2021.08.30.14.54.34_veh-40_00439_00835,1,1630335855.000484,331396.5621528798,4690958.524228292,331399.36564599595,4690956.146928559,f0ec163fc911ff8bb
1.0,1.0,1.0,1.0,0.8251490911050028,1.0,1.0,1.0,1.0,[0.82514909 1.         1.         1.         0.        ],[5. 5. 2. 2. 2.],0.9375532468232153,True,2021.09.16.15.47.30_veh-45_01199_01391,1,1631808659.300555,588038.248844934,4475716.876368009,588024.2411885101,4475703.226769407,b5d11a125c8146f58
0.0,0.0,1.0,1.0,1.0,0.0,1.0,1.0,0.0,[1. 0. 1. 1. 0.],[5. 5. 2. 2. 2.],0.0,True,2021.09.16.15.47.30_veh-45_01199_01391,1,1631808659.300555,588060.8857677481,4475732.398517188,588030.8618669232,4475708.255161832,9f903173a7777cf35
0.0,1.0,1.0,1.0,1.0,0.0,0.0,1.0,0.0,[1. 0. 0. 1. 0.],[5. 5. 2. 2. 2.],0.0,True,2021.08.30.14.54.34_veh-40_00439_00835,1,1630335855.000484,331365.22273854417,4690977.951308934,331390.46264440543,4690962.501395517,91e2e5e740db004ce
1.0,1.0,1.0,1.0,0.09440305869288645,1.0,1.0,1.0,1.0,[0.09440306 1.         1.         1.         0.        ],[5. 5. 2. 2. 2.],0.6765725209617451,True,2021.10.06.08.16.17_veh-52_01590_01725,1,1633509884.1999009,365789.11103293113,143355.72336884157,365789.06858378573,143356.98503983053,35fc09471c163fd84
1.0,0.0,0.5,1.0,0.970612024868748,1.0,0.0,1.0,0.0,[0.97061202 1.         0.         1.         0.        ],[5. 5. 2. 2. 2.],0.0,True,2021.09.16.13.53.10_veh-42_00180_00342,1,1631800685.4001389,589253.014543012,4474205.114554062,589250.0508166805,4474186.667087079,2a8ffeaa7391e73c7
0.0,1.0,0.5,1.0,1.0,0.0,1.0,1.0,0.0,[1. 0. 1. 1. 0.],[5. 5. 2. 2. 2.],0.0,True,2021.09.16.15.47.30_veh-45_01199_01391,1,1631808659.300555,588049.7849785681,4475727.973915246,588028.5286006841,4475707.389105424,8d71beefa48cb91fb
1.0,1.0,1.0,1.0,0.15699137144388908,1.0,1.0,1.0,1.0,[0.15699137 1.         1.         1.         0.        ],[5. 5. 2. 2. 2.],0.6989254898013889,True,2021.09.29.19.02.14_veh-28_02911_03005,1,1632945162.29987,331582.7998412556,4689332.920766936,331584.62067658774,4689332.619826215,dd091b9e715ca6370
0.0,0.0,0.0,1.0,1.0,0.0,0.0,1.0,0.0,[1. 0. 0. 1. 0.],[5. 5. 2. 2. 2.],0.0,True,2021.09.29.19.02.14_veh-28_02911_03005,1,1632945162.29987,331538.6150067148,4689352.623509275,331568.81363850954,4689340.393638021,5922fad17f2f5e59f
1.0,1.0,1.0,1.0,0.333254471356261,1.0,1.0,1.0,1.0,[0.33325447 1.         1.         1.         0.        ],[5. 5. 2. 2. 2.],0.7618765969129504,True,2021.10.06.08.16.17_veh-52_01590_01725,1,1633509884.1999009,365789.4402790143,143350.07793406752,365789.2022242418,143354.99080530662,5065468cd60f1bc00
0.0,1.0,1.0,1.0,0.8535684383361188,0.0,1.0,1.0,0.0,[0.85356844 0.         1.         1.         0.        ],[5. 5. 2. 2. 2.],0.0,True,2021.09.16.15.47.30_veh-45_01199_01391,1,1631808659.800304,588038.7445988624,4475719.514886258,588027.0165897378,4475707.207038565,c807c2486a7897e81
1.0,1.0,1.0,1.0,1.0,1.0,0.0,1.0,1.0,[1. 1. 0. 1. 0.],[5. 5. 2. 2. 2.],0.8571428571428571,True,2021.09.16.19.27.01_veh-45_01749_03230,1,1631822762.0001838,587573.2759625952,4475581.627588198,587571.5534055934,4475582.0090224575,07a36d3f2100bc352
1.0,0.0,0.5,1.0,1.0,1.0,0.0,1.0,0.0,[1. 1. 0. 1. 0.],[5. 5. 2. 2. 2.],0.0,True,2021.09.16.13.53.10_veh-42_00180_00342,1,1631800685.4001389,589251.7609037177,4474210.624419687,589251.0905588228,4474191.251692812,6c0405cd5c40c15ab
0.0,0.0,0.0,1.0,1.0,0.0,0.0,1.0,0.0,[1. 0. 0. 1. 0.],[5. 5. 2. 2. 2.],0.0,True,2021.09.16.15.47.30_veh-45_01199_01391,1,1631808659.300555,588062.0433081425,4475739.599381576,588033.8035870172,4475712.4696461605,78fdd992fa8acb334
1.0,0.0,0.5,1.0,0.6569039659498761,1.0,1.0,1.0,0.0,[0.65690397 1.         1.         1.         0.        ],[5. 5. 2. 2. 2.],0.0,True,2021.10.06.08.16.17_veh-52_01590_01725,1,1633509884.699713,365792.64817257604,143322.74482737656,365790.56832368445,143342.70184064674,ad027cf65e5484130
1.0,0.0,1.0,1.0,0.5135249970531274,1.0,1.0,1.0,0.0,[0.513525 1.       1.       1.       0.      ],[5. 5. 2. 2. 2.],0.0,True,2021.09.16.13.53.10_veh-42_00180_00342,1,1631800685.4001389,589252.9045357794,4474183.374368004,589249.5075915379,4474180.443329583,18087593f1147e61f
1.0,1.0,1.0,1.0,0.0012271055679242346,1.0,1.0,1.0,1.0,[0.00122711 1.         1.         1.         0.        ],[5. 5. 2. 2. 2.],0.6432953948456872,True,2021.09.16.13.53.10_veh-42_00180_00342,1,1631800685.4001389,589245.7964438138,4474177.843599073,589245.7812285051,4474177.8383364305,43eb9502a0d70fcea
1.0,1.0,1.0,1.0,0.6662928553525443,1.0,0.0,1.0,1.0,[0.66629286 1.         0.         1.         0.        ],[5. 5. 2. 2. 2.],0.7379617340544801,True,2021.08.30.14.54.34_veh-40_00439_00835,1,1630335855.000484,331381.68348446116,4690965.926181696,331393.06351440697,4690959.271073086,fad1ad3bce41df4d9
0.0,1.0,1.0,1.0,1.0,0.0,1.0,1.0,0.0,[1. 0. 1. 1. 0.],[5. 5. 2. 2. 2.],0.0,True,2021.09.16.15.47.30_veh-45_01199_01391,1,1631808659.800304,588055.3840748688,4475730.512353289,588033.3616930399,4475711.5276239915,ea96a137518d58ac9
0.0,0.0,0.0,1.0,1.0,0.0,0.0,1.0,0.0,[1. 0. 0. 1. 0.],[5. 5. 2. 2. 2.],0.0,True,2021.09.29.19.02.14_veh-28_02911_03005,1,1632945162.29987,331551.61718788056,4689346.235740821,331573.30149393657,4689337.818307991,1a6ba40b74f9b51e5
0.0,0.0,0.0,1.0,1.0,0.0,0.0,1.0,0.0,[1. 0. 0. 1. 0.],[5. 5. 2. 2. 2.],0.0,True,2021.09.29.19.02.14_veh-28_02911_03005,1,1632945162.29987,331536.58235775144,4689354.409548676,331569.46166043926,4689342.305654939,15755cd0249f8223a
1.0,1.0,1.0,1.0,0.5628547221474911,1.0,0.0,1.0,1.0,[0.56285472 1.         0.         1.         0.        ],[5. 5. 2. 2. 2.],0.7010195436241039,True,2021.08.30.14.54.34_veh-40_00439_00835,1,1630335855.5004148,331385.39947120234,4690963.4211844355,331394.52343706985,4690958.553850487,07d57ac58a266170f
1.0,1.0,1.0,1.0,0.020704362296699214,1.0,0.0,1.0,1.0,[0.02070436 1.         0.         1.         0.        ],[5. 5. 2. 2. 2.],0.5073944151059641,True,2021.08.30.14.54.34_veh-40_00439_00835,1,1630335855.5004148,331398.6113171843,4690956.787198355,331399.1868874178,4690956.298666986,142f665559387e2c2
1.0,1.0,1.0,1.0,1.0,1.0,1.0,1.0,1.0,[1. 1. 1. 1. 0.],[5. 5. 2. 2. 2.],1.0,True,2021.08.16.14.23.37_veh-45_00015_00132,1,1629124052.000155,588923.583305754,4474991.246485355,588937.2488112982,4474948.236905783,00caf7c273c7d5065
0.0,0.0,0.0,1.0,1.0,0.0,0.0,1.0,0.0,[1. 0. 0. 1. 0.],[5. 5. 2. 2. 2.],0.0,True,2021.09.16.15.47.30_veh-45_01199_01391,1,1631808659.800304,588064.0593128987,4475742.442432554,588035.3017631071,4475714.73559705,0225e9a16d781eb96
0.0,1.0,1.0,0.0,1.0,0.0,1.0,1.0,0.0,[1. 0. 1. 1. 0.],[5. 5. 2. 2. 2.],0.0,True,2021.09.16.15.47.30_veh-45_01199_01391,1,1631808555.2996619,587742.17506647,4475594.151080796,587723.0574047576,4475568.022460672,beee26fb5719cdfcb
1.0,0.0,1.0,1.0,0.7159995207248704,1.0,0.0,1.0,0.0,[0.71599952 1.         0.         1.         0.        ],[5. 5. 2. 2. 2.],0.0,True,2021.08.16.14.23.37_veh-45_00015_00132,1,1629124052.499943,588931.5680288814,4474962.1149741765,588939.6781545847,4474940.758317538,ab74a4ee392eb4ffc
0.0,0.0,0.0,1.0,1.0,0.0,0.0,1.0,0.0,[1. 0. 0. 1. 0.],[5. 5. 2. 2. 2.],0.0,True,2021.09.16.15.47.30_veh-45_01199_01391,1,1631808659.300555,588065.837551261,4475743.236421372,588034.6447612136,4475712.167982535,7098c40dee5929017
1.0,1.0,1.0,0.0,1.0,1.0,1.0,1.0,0.0,[1. 1. 1. 1. 0.],[5. 5. 2. 2. 2.],0.0,True,2021.09.16.15.47.30_veh-45_01199_01391,1,1631808554.7998118,587739.8374157269,4475590.304246245,587720.7480599283,4475564.887194522,27d64cbd86e07452b
0.0,0.0,1.0,1.0,1.0,0.0,0.0,1.0,0.0,[1. 0. 0. 1. 0.],[5. 5. 2. 2. 2.],0.0,True,2021.09.16.15.47.30_veh-45_01199_01391,1,1631808659.800304,588065.0711683788,4475734.718359257,588034.5153635206,4475711.120099254,eedb6f9d589e745c8
1.0,1.0,1.0,0.0,1.0,1.0,1.0,1.0,0.0,[1. 1. 1. 1. 0.],[5. 5. 2. 2. 2.],0.0,True,2021.09.16.15.47.30_veh-45_01199_01391,1,1631808555.2996619,587740.1462117118,4475588.517215138,587721.5612177867,4475565.779992187,e147b31afd8a5c390
0.0,1.0,1.0,1.0,1.0,0.0,0.0,1.0,0.0,[1. 0. 0. 1. 0.],[5. 5. 2. 2. 2.],0.0,True,2021.08.30.14.54.34_veh-40_00439_00835,1,1630335855.000484,331365.9330267664,4690976.156822477,331390.02419314126,4690961.480770586,62631b017ceec5a18
1.0,1.0,1.0,1.0,0.9774200782815475,1.0,0.0,1.0,1.0,[0.97742008 1.         0.         1.         0.        ],[5. 5. 2. 2. 2.],0.8490785993862671,True,2021.08.30.14.54.34_veh-40_00439_00835,1,1630335855.5004148,331371.3262372229,4690973.44103418,331389.72959301394,4690961.56122956,44a5937b14cec415b
0.0,1.0,1.0,0.0,1.0,0.0,0.0,1.0,0.0,[1. 0. 0. 1. 0.],[5. 5. 2. 2. 2.],0.0,True,2021.09.16.15.47.30_veh-45_01199_01391,1,1631808555.2996619,587725.5173773478,4475574.444786953,587715.9381655497,4475560.207321978,dc92f82e6715ac493
0.0,1.0,1.0,1.0,1.0,0.0,1.0,1.0,0.0,[1. 0. 1. 1. 0.],[5. 5. 2. 2. 2.],0.0,True,2021.09.16.19.27.01_veh-45_01749_03230,1,1631822762.0001838,587588.1438778973,4475573.480005423,587577.5380608409,4475577.878916006,f2b84517dc455c03f
1.0,1.0,1.0,1.0,0.6403050212935492,1.0,0.0,1.0,1.0,[0.64030502 1.         0.         1.         0.        ],[5. 5. 2. 2. 2.],0.728680364747696,True,2021.08.30.14.54.34_veh-40_00439_00835,1,1630335855.000484,331384.21595775435,4690963.892610209,331395.7081459304,4690957.953900542,d9bbca7a0907304f1
1.0,1.0,1.0,1.0,0.8163524452735507,1.0,1.0,1.0,1.0,[0.81635245 1.         1.         1.         0.        ],[5. 5. 2. 2. 2.],0.9344115875976967,True,2021.09.16.15.47.30_veh-45_01199_01391,1,1631808659.800304,588037.9942764529,4475716.576359453,588025.7916886903,4475704.735223918,956f2e4043c1b8f4d
1.0,1.0,1.0,1.0,1.0,1.0,1.0,1.0,1.0,[1. 1. 1. 1. 0.],[5. 5. 2. 2. 2.],1.0,True,2021.09.16.19.27.01_veh-45_01749_03230,1,1631822761.5000799,587585.893706786,4475577.153673947,587575.1548027445,4475579.794372161,2e822d476fd14739c
1.0,0.0,1.0,1.0,1.0,1.0,1.0,1.0,0.0,[1. 1. 1. 1. 0.],[5. 5. 2. 2. 2.],0.0,True,2021.09.16.19.27.01_veh-45_01749_03230,1,1631822761.5000799,587594.4816361706,4475577.118223813,587576.9024862614,4475579.753506216,34e7a39f33ba4f108
1.0,1.0,1.0,1.0,0.5209022192127597,1.0,1.0,1.0,1.0,[0.52090222 1.         1.         1.         0.        ],[5. 5. 2. 2. 2.],0.8288936497188428,True,2021.08.30.14.54.34_veh-40_00439_00835,1,1630335855.000484,331389.5017683459,4690963.2777808765,331396.68561260705,4690957.697741034,6808c5efa6976fe37
0.0,0.0,0.0,1.0,1.0,0.0,0.0,1.0,0.0,[1. 0. 0. 1. 0.],[5. 5. 2. 2. 2.],0.0,True,2021.09.16.15.47.30_veh-45_01199_01391,1,1631808659.800304,588063.2121078515,4475740.641537779,588037.1425543596,4475715.66420231,5c8283705c1e44a16
1.0,1.0,1.0,1.0,0.011188868091169603,1.0,1.0,1.0,1.0,[0.01118887 1.         1.         1.         0.        ],[5. 5. 2. 2. 2.],0.6468531671754177,True,2021.09.16.19.27.01_veh-45_01749_03230,1,1631822761.5000799,587567.4520272919,4475582.298186816,587567.3325888724,4475582.340408158,3042cb349e2487756
0.0,1.0,1.0,1.0,1.0,0.0,0.0,1.0,0.0,[1. 0. 0. 1. 0.],[5. 5. 2. 2. 2.],0.0,True,2021.08.30.14.54.34_veh-40_00439_00835,1,1630335855.5004148,331363.11774054304,4690977.198024172,331387.1307128284,4690963.162194354,51d3d62e78d712283
1.0,1.0,1.0,0.0,1.0,1.0,1.0,1.0,0.0,[1. 1. 1. 1. 0.],[5. 5. 2. 2. 2.],0.0,True,2021.09.16.15.47.30_veh-45_01199_01391,1,1631808554.7998118,587737.6181946169,4475585.484637201,587719.3297512654,4475563.035190471,32888a8d5ffa4cfa6
1.0,1.0,1.0,1.0,1.0,1.0,0.0,1.0,1.0,[1. 1. 0. 1. 0.],[5. 5. 2. 2. 2.],0.8571428571428571,True,2021.09.16.19.27.01_veh-45_01749_03230,1,1631822762.0001838,587573.2900709573,4475582.455587441,587571.6085092262,4475582.525964975,a52a1bf87700c06b5
1.0,1.0,1.0,1.0,0.1256550269798892,1.0,1.0,1.0,1.0,[0.12565503 1.         1.         1.         0.        ],[5. 5. 2. 2. 2.],0.6877339382071034,True,2021.09.16.13.53.10_veh-42_00180_00342,1,1631800685.4001389,589249.343849853,4474180.965933744,589248.2761566692,4474179.898414147,c481b1ded8232fa61
1.0,1.0,1.0,1.0,0.8038905645214001,1.0,1.0,1.0,1.0,[0.80389056 1.         1.         1.         0.        ],[5. 5. 2. 2. 2.],0.9299609159005,True,2021.09.16.19.27.01_veh-45_01749_03230,1,1631822761.5000799,587580.6166534014,4475575.798130615,587573.0211335914,4475579.386342753,e64bbff1f3e0c30be
1.0,0.0,0.5,1.0,0.7061648918308251,1.0,0.0,1.0,0.0,[0.70616489 1.         0.         1.         0.        ],[5. 5. 2. 2. 2.],0.0,True,2021.08.30.14.54.34_veh-40_00439_00835,1,1630335855.5004148,331378.0185601668,4690964.9702284215,331392.14439022756,4690960.337518056,51bb4445380dac75e
1.0,0.0,1.0,1.0,0.4678146456338423,1.0,1.0,1.0,0.0,[0.46781465 1.         1.         1.         0.        ],[5. 5. 2. 2. 2.],0.0,True,2021.09.16.13.53.10_veh-42_00180_00342,1,1631800685.4001389,589251.9248412282,4474185.247860786,589249.8256146002,4474182.111496341,7516958eab299d94d
1.0,1.0,1.0,1.0,0.03651235709741836,1.0,0.0,1.0,1.0,[0.03651236 1.         0.         1.         0.        ],[5. 5. 2. 2. 2.],0.5130401275347923,True,2021.09.16.15.47.30_veh-45_01199_01391,1,1631808555.2996619,587710.8315668583,4475554.23975702,587710.7074414279,4475554.007869127,8d59e8ecb60e11b5b
1.0,1.0,1.0,1.0,1.0,1.0,0.0,1.0,1.0,[1. 1. 0. 1. 0.],[5. 5. 2. 2. 2.],0.8571428571428571,True,2021.09.16.19.27.01_veh-45_01749_03230,1,1631822761.5000799,587575.8116185267,4475582.378647537,587571.2735552635,4475582.5634217225,32f2437326c9e81b2
0.0,1.0,1.0,1.0,1.0,0.0,0.0,1.0,0.0,[1. 0. 0. 1. 0.],[5. 5. 2. 2. 2.],0.0,True,2021.08.30.14.54.34_veh-40_00439_00835,1,1630335855.000484,331356.38439483603,4690983.092821185,331386.94466799335,4690963.744543294,6cca874fda7a3507a
1.0,1.0,1.0,1.0,0.06757842718138993,1.0,1.0,1.0,1.0,[0.06757843 1.         1.         1.         0.        ],[5. 5. 2. 2. 2.],0.666992295421925,True,2021.08.30.14.54.34_veh-40_00439_00835,1,1630335855.5004148,331398.8577099319,4690956.730719071,331399.6086028299,4690956.094629689,4d115c250e5dc02b1
1.0,1.0,1.0,1.0,0.6411032445197093,1.0,1.0,1.0,1.0,[0.64110324 1.         1.         1.         0.        ],[5. 5. 2. 2. 2.],0.8718225873284676,True,2021.08.16.14.23.37_veh-45_00015_00132,1,1629124052.000155,588936.9479737981,4474950.574311869,588942.4188309126,4474934.60255897,dedf2ffe66804a16a
1.0,0.0,0.5,1.0,1.0,1.0,0.0,1.0,0.0,[1. 1. 0. 1. 0.],[5. 5. 2. 2. 2.],0.0,True,2021.09.16.13.53.10_veh-42_00180_00342,1,1631800684.900173,589253.1855058357,4474208.6229973985,589250.9024850124,4474188.817851384,3d0fbd6a6fbde5f86
1.0,1.0,1.0,1.0,0.733169261671458,1.0,0.0,1.0,1.0,[0.73316926 1.         0.         1.         0.        ],[5. 5. 2. 2. 2.],0.7618461648826635,True,2021.08.30.14.54.34_veh-40_00439_00835,1,1630335855.5004148,331380.50848230533,4690967.724555695,331393.9988419783,4690959.404782843,ba9155b84dc322eac
0.0,1.0,1.0,1.0,1.0,0.0,0.0,1.0,0.0,[1. 0. 0. 1. 0.],[5. 5. 2. 2. 2.],0.0,True,2021.09.16.15.47.30_veh-45_01199_01391,1,1631808555.2996619,587720.6636437714,4475567.247462303,587714.6910424046,4475557.4945785245,eaa70df977f0ed637
0.0,1.0,0.5,1.0,0.6249948264015068,0.0,0.0,1.0,0.0,[0.62499483 0.         0.         1.         0.        ],[5. 5. 2. 2. 2.],0.0,True,2021.09.29.19.02.14_veh-28_02911_03005,1,1632945162.29987,331558.16089620243,4689346.255325883,331575.6694932988,4689339.70799534,b3c7672d677c644c7
1.0,1.0,1.0,1.0,0.9870446067599471,1.0,1.0,1.0,1.0,[0.98704461 1.         1.         1.         0.        ],[5. 5. 2. 2. 2.],0.9953730738428382,True,2021.08.16.14.23.37_veh-45_00015_00132,1,1629124052.000155,588923.565862481,4474990.1087177545,588937.395395348,4474948.645179497,a0dee764f3cd352e8
1.0,1.0,1.0,1.0,0.6201388630410071,1.0,1.0,1.0,1.0,[0.62013886 1.         1.         1.         0.        ],[5. 5. 2. 2. 2.],0.8643353082289311,True,2021.08.16.14.23.37_veh-45_00015_00132,1,1629124052.499943,588936.87100381,4474951.0969841825,588941.8084467965,4474936.405431867,10933ac8239bd6fbb
1.0,0.0,1.0,1.0,1.0,1.0,1.0,1.0,0.0,[1. 1. 1. 1. 0.],[5. 5. 2. 2. 2.],0.0,True,2021.09.16.19.27.01_veh-45_01749_03230,1,1631822762.0001838,587595.7679715354,4475578.233248678,587578.9694319607,4475579.537565653,23b5ec16bb6ad0b92
1.0,0.0,0.5,1.0,0.6670821346541346,1.0,1.0,1.0,0.0,[0.66708213 1.         1.         1.         0.        ],[5. 5. 2. 2. 2.],0.0,True,2021.10.06.08.16.17_veh-52_01590_01725,1,1633509884.1999009,365791.67345677566,143327.440421664,365789.6682189133,143348.21089889368,4533792bbf9b2478b
1.0,1.0,1.0,1.0,0.0,1.0,1.0,1.0,1.0,[0. 1. 1. 1. 0.],[5. 5. 2. 2. 2.],0.6428571428571429,True,2021.09.16.19.27.01_veh-45_01749_03230,1,1631822762.0001838,587567.3446373502,4475582.360031152,587567.2867706518,4475582.380479481,c91d6633fc0516a81
1.0,1.0,1.0,1.0,0.4827838959510367,1.0,1.0,1.0,1.0,[0.4827839 1.        1.        1.        0.       ],[5. 5. 2. 2. 2.],0.815279962839656,True,2021.08.16.14.23.37_veh-45_00015_00132,1,1629124052.499943,588939.1326686265,4474943.308068412,588942.2542948101,4474934.862670416,5b733b329372ed8c8
1.0,1.0,1.0,1.0,0.2279698930438899,1.0,1.0,1.0,1.0,[0.22796989 1.         1.         1.         0.        ],[5. 5. 2. 2. 2.],0.7242749618013892,True,2021.09.29.19.02.14_veh-28_02911_03005,1,1632945161.7997289,331581.6664612883,4689333.182373064,331584.85811432754,4689332.7132662255,e92394471671ed533
1.0,1.0,1.0,1.0,0.5670532901603215,1.0,1.0,1.0,1.0,[0.56705329 1.         1.         1.         0.        ],[5. 5. 2. 2. 2.],0.8453761750572577,True,2021.10.06.08.16.17_veh-52_01590_01725,1,1633509884.699713,365789.9420581475,143336.8252995254,365789.43315088114,143349.94340354297,c2e48998f58fcf229
1.0,1.0,1.0,1.0,0.4364879125052673,1.0,1.0,1.0,1.0,[0.43648791 1.         1.         1.         0.        ],[5. 5. 2. 2. 2.],0.7987456830375955,True,2021.09.29.19.02.14_veh-28_02911_03005,1,1632945162.29987,331572.02525043435,4689337.12594495,331579.88148132525,4689334.815148327,be4d95422b6b6e212
1.0,1.0,1.0,1.0,0.0,1.0,0.0,1.0,1.0,[0. 1. 0. 1. 0.],[5. 5. 2. 2. 2.],0.5,True,2021.09.16.19.27.01_veh-45_01749_03230,1,1631822762.0001838,587568.1504388698,4475582.722356804,587568.0542628503,4475582.7383108325,042bf7d6a0f98a104
1.0,1.0,1.0,1.0,0.5576258570222972,1.0,1.0,1.0,1.0,[0.55762586 1.         1.         1.         0.        ],[5. 5. 2. 2. 2.],0.8420092346508204,True,2021.09.29.19.02.14_veh-28_02911_03005,1,1632945162.29987,331567.2553092722,4689341.820758446,331579.1370296297,4689336.382348301,2048a65fec13c23d5
1.0,0.0,1.0,1.0,0.5873686726426333,1.0,1.0,1.0,0.0,[0.58736867 1.         1.         1.         0.        ],[5. 5. 2. 2. 2.],0.0,True,2021.10.06.08.16.17_veh-52_01590_01725,1,1633509884.699713,365789.4336870006,143332.29257558333,365789.23141821986,143347.29628672832,583a61a4880467bf7
1.0,1.0,1.0,1.0,0.3519067433465282,1.0,1.0,1.0,1.0,[0.35190674 1.         1.         1.         0.        ],[5. 5. 2. 2. 2.],0.7685381226237601,True,2021.10.06.08.16.17_veh-52_01590_01725,1,1633509884.699713,365789.46862841427,143349.373788247,365789.22523450997,143354.47877193257,e593c645d1fd3fdb9
0.0,0.0,0.0,1.0,1.0,0.0,0.0,1.0,0.0,[1. 0. 0. 1. 0.],[5. 5. 2. 2. 2.],0.0,True,2021.09.29.19.02.14_veh-28_02911_03005,1,1632945161.7997289,331542.30832091987,4689351.03227005,331572.4619695308,4689338.932874922,e1f0dcd38a9ec2523
1.0,1.0,1.0,1.0,0.06757842718138993,1.0,1.0,1.0,1.0,[0.06757843 1.         1.         1.         0.        ],[5. 5. 2. 2. 2.],0.666992295421925,True,2021.08.30.14.54.34_veh-40_00439_00835,1,1630335855.5004148,331398.8577099319,4690956.730719071,331399.6086028299,4690956.094629689,7b5998d0c96e5433a
1.0,1.0,1.0,1.0,1.0,1.0,1.0,1.0,1.0,[1. 1. 1. 1. 0.],[5. 5. 2. 2. 2.],1.0,True,2021.09.16.15.47.30_veh-45_01199_01391,1,1631808659.300555,588055.0621356504,4475730.625441409,588030.5259322843,4475709.079259196,6f8794f5f301202d0
1.0,0.0,0.5,1.0,1.0,1.0,1.0,1.0,0.0,[1. 1. 1. 1. 0.],[5. 5. 2. 2. 2.],0.0,True,2021.09.16.13.53.10_veh-42_00180_00342,1,1631800685.4001389,589255.7883054705,4474186.992475727,589250.1327066062,4474181.602628514,d5cbf126369d32fdf
0.0,1.0,1.0,1.0,1.0,0.0,1.0,1.0,0.0,[1. 0. 1. 1. 0.],[5. 5. 2. 2. 2.],0.0,True,2021.09.16.19.27.01_veh-45_01749_03230,1,1631822761.5000799,587589.7012665921,4475571.641410182,587576.7578189567,4475577.747090529,e8a9486b49b69adbf
1.0,1.0,1.0,1.0,0.6107490908922223,1.0,0.0,1.0,1.0,[0.61074909 1.         0.         1.         0.        ],[5. 5. 2. 2. 2.],0.7181246753186509,True,2021.09.16.15.47.30_veh-45_01199_01391,1,1631808659.800304,588032.9356195732,4475712.976588111,588025.3433681815,4475705.076117919,e9f1d3b368a8f7603
1.0,1.0,1.0,1.0,0.8531486891057665,1.0,1.0,1.0,1.0,[0.85314869 1.         1.         1.         0.        ],[5. 5. 2. 2. 2.],0.9475531032520594,True,2021.09.16.19.27.01_veh-45_01749_03230,1,1631822762.0001838,587582.8952315256,4475578.4389945725,587575.3650917406,4475580.192156291,913e360242a39e667
0.0,1.0,1.0,0.0,1.0,0.0,0.0,1.0,0.0,[1. 0. 0. 1. 0.],[5. 5. 2. 2. 2.],0.0,True,2021.09.16.15.47.30_veh-45_01199_01391,1,1631808554.7998118,587724.951550796,4475573.330326683,587714.6864233443,4475558.370629178,fd0fe3e97024a208f
0.0,1.0,1.0,1.0,1.0,0.0,1.0,1.0,0.0,[1. 0. 1. 1. 0.],[5. 5. 2. 2. 2.],0.0,True,2021.09.16.19.27.01_veh-45_01749_03230,1,1631822762.0001838,587589.5619004236,4475571.688503915,587578.2023942334,4475577.062022233,875f6c89666fde397
1.0,1.0,1.0,1.0,0.03651235709741836,1.0,0.0,1.0,1.0,[0.03651236 1.         0.         1.         0.        ],[5. 5. 2. 2. 2.],0.5130401275347923,True,2021.09.16.15.47.30_veh-45_01199_01391,1,1631808555.2996619,587710.8315668583,4475554.23975702,587710.7074414279,4475554.007869127,fc3f449099625878e
1.0,0.0,1.0,1.0,0.25743501067582397,1.0,1.0,1.0,0.0,[0.25743501 1.         1.         1.         0.        ],[5. 5. 2. 2. 2.],0.0,True,2021.09.16.13.53.10_veh-42_00180_00342,1,1631800684.900173,589252.2502505592,4474182.654669108,589249.1396892857,4474180.123975336,32b8d38d96342e28b
1.0,1.0,1.0,1.0,0.8958438920051953,1.0,1.0,1.0,1.0,[0.89584389 1.         1.         1.         0.        ],[5. 5. 2. 2. 2.],0.9628013900018555,True,2021.08.16.14.23.37_veh-45_00015_00132,1,1629124052.499943,588926.3168985927,4474982.429918677,588938.2059872219,4474947.008544277,5f775bac151622950
1.0,1.0,1.0,1.0,0.29061017139954376,1.0,1.0,1.0,1.0,[0.29061017 1.         1.         1.         0.        ],[5. 5. 2. 2. 2.],0.7466464897855513,True,2021.09.16.15.47.30_veh-45_01199_01391,1,1631808555.2996619,587713.0809804028,4475555.562426301,587711.0989854136,4475552.946768088,90dfc4788a349e60b
1.0,1.0,1.0,1.0,0.4182751038060627,1.0,1.0,1.0,1.0,[0.4182751 1.        1.        1.        0.       ],[5. 5. 2. 2. 2.],0.7922411085021652,True,2021.08.30.14.54.34_veh-40_00439_00835,1,1630335855.5004148,331390.743269975,4690962.307657372,331395.9520686487,4690958.263383722,cd9aed75f054bccb5
0.0,1.0,1.0,1.0,1.0,0.0,1.0,1.0,0.0,[1. 0. 1. 1. 0.],[5. 5. 2. 2. 2.],0.0,True,2021.09.16.19.27.01_veh-45_01749_03230,1,1631822761.5000799,587588.744197325,4475573.283198753,587576.133762664,4475578.46837569,ebe3f434bfee258dc
1.0,1.0,1.0,1.0,0.7524626998126545,1.0,0.0,1.0,1.0,[0.7524627 1.        0.        1.        0.       ],[5. 5. 2. 2. 2.],0.7687366785045194,True,2021.08.30.14.54.34_veh-40_00439_00835,1,1630335855.000484,331379.1632075013,4690966.6503078025,331393.8244879511,4690959.649925773,9d5c879308ff1f5b5
0.0,0.0,1.0,1.0,1.0,0.0,0.0,1.0,0.0,[1. 0. 0. 1. 0.],[5. 5. 2. 2. 2.],0.0,True,2021.09.16.15.47.30_veh-45_01199_01391,1,1631808659.800304,588072.3221811176,4475740.905039444,588037.609656857,4475713.647117732,4c03648ccf3301fe7
0.0,0.0,0.0,1.0,1.0,0.0,0.0,1.0,0.0,[1. 0. 0. 1. 0.],[5. 5. 2. 2. 2.],0.0,True,2021.09.29.19.02.14_veh-28_02911_03005,1,1632945161.7997289,331545.35443759063,4689346.423537358,331574.96039307193,4689336.474785248,808e6b707f608e2a9
1.0,1.0,1.0,1.0,0.021418934889540414,1.0,1.0,1.0,1.0,[0.02141893 1.         1.         1.         0.        ],[5. 5. 2. 2. 2.],0.6505067624605501,True,2021.09.16.13.53.10_veh-42_00180_00342,1,1631800684.900173,589247.33158053,4474179.398068164,589247.1428605671,4474179.22670246,82e6ed49ff7af43fe
1.0,1.0,1.0,1.0,0.22763842143201338,1.0,1.0,1.0,1.0,[0.22763842 1.         1.         1.         0.        ],[5. 5. 2. 2. 2.],0.7241565790828618,True,2021.09.29.19.02.14_veh-28_02911_03005,1,1632945161.7997289,331581.6568042454,4689333.1204161225,331584.8398241987,4689332.595921771,c64e0d6194293f51e
0.0,1.0,0.0,1.0,1.0,0.0,0.0,1.0,0.0,[1. 0. 0. 1. 0.],[5. 5. 2. 2. 2.],0.0,True,2021.09.16.15.47.30_veh-45_01199_01391,1,1631808659.300555,588069.4808128214,4475743.310603478,588035.1309600796,4475712.824617425,801d1b42c0409656b
1.0,1.0,1.0,1.0,0.9881486802399132,1.0,0.0,1.0,1.0,[0.98814868 1.         0.         1.         0.        ],[5. 5. 2. 2. 2.],0.8529102429428261,True,2021.08.30.14.54.34_veh-40_00439_00835,1,1630335855.000484,331372.671425203,4690972.8227287475,331392.009329309,4690960.073597395,fa8d78f84cd8b7f8c
1.0,1.0,0.5,1.0,0.5981577463823744,1.0,0.0,1.0,0.5,[0.59815775 1.         0.         1.         0.        ],[5. 5. 2. 2. 2.],0.35681388328256686,True,2021.09.29.19.02.14_veh-28_02911_03005,1,1632945161.7997289,331566.4461678145,4689341.854768231,331580.7051852272,4689335.688855501,71afcb9b1ac436e14
1.0,0.0,1.0,1.0,0.3012580488238302,1.0,1.0,1.0,0.0,[0.30125805 1.         1.         1.         0.        ],[5. 5. 2. 2. 2.],0.0,True,2021.09.16.13.53.10_veh-42_00180_00342,1,1631800684.900173,589252.2713595311,4474185.532108299,589249.5623870447,4474181.729851499,754d33f5c0419048c
1.0,1.0,1.0,1.0,0.0711170116220943,1.0,1.0,1.0,1.0,[0.07111701 1.         1.         1.         0.        ],[5. 5. 2. 2. 2.],0.6682560755793193,True,2021.09.16.15.47.30_veh-45_01199_01391,1,1631808554.7998118,587711.0749545497,4475553.44374476,587710.5689757311,4475552.7330958815,bc6888f8da8ee3d48
1.0,0.0,1.0,1.0,0.3811608013637516,1.0,1.0,1.0,0.0,[0.3811608 1.        1.        1.        0.       ],[5. 5. 2. 2. 2.],0.0,True,2021.09.16.13.53.10_veh-42_00180_00342,1,1631800684.900173,589253.2965880441,4474186.002825829,589249.0001073679,4474180.434310785,ac7a491ea6609fc90
0.0,0.0,1.0,1.0,1.0,0.0,0.0,1.0,0.0,[1. 0. 0. 1. 0.],[5. 5. 2. 2. 2.],0.0,True,2021.09.29.19.02.14_veh-28_02911_03005,1,1632945162.29987,331555.38536543946,4689355.383952001,331573.7147071865,4689339.105293911,f9533c6195790b299
1.0,0.0,1.0,1.0,0.7368523811828095,1.0,0.0,1.0,0.0,[0.73685238 1.         0.         1.         0.        ],[5. 5. 2. 2. 2.],0.0,True,2021.08.16.14.23.37_veh-45_00015_00132,1,1629124052.000155,588931.9495273184,4474961.127909579,588940.7287892762,4474938.044343197,543679cd5973594a2
1.0,0.0,0.5,1.0,0.8640916292992633,1.0,1.0,1.0,0.0,[0.86409163 1.         1.         1.         0.        ],[5. 5. 2. 2. 2.],0.0,True,2021.09.29.19.02.14_veh-28_02911_03005,1,1632945161.7997289,331559.13657678827,4689347.127223593,331577.8396451818,4689338.80067288,960a0cd8fd6e4be22
1.0,1.0,1.0,1.0,0.15640699788663834,1.0,1.0,1.0,1.0,[0.156407 1.       1.       1.       0.      ],[5. 5. 2. 2. 2.],0.6987167849595137,True,2021.09.29.19.02.14_veh-28_02911_03005,1,1632945162.29987,331582.816037788,4689333.024679449,331584.64208724984,4689332.757191157,c47263e93d93b6838
1.0,1.0,1.0,1.0,0.4698319917079318,1.0,1.0,1.0,1.0,[0.46983199 1.         1.         1.         0.        ],[5. 5. 2. 2. 2.],0.8106542827528328,True,2021.10.06.08.16.17_veh-52_01590_01725,1,1633509884.1999009,365787.9236153439,143342.28340617713,365788.5665063467,143351.88653690997,e6aaf829acef158f6
1.0,1.0,1.0,1.0,0.45566960614531615,1.0,1.0,1.0,1.0,[0.45566961 1.         1.         1.         0.        ],[5. 5. 2. 2. 2.],0.8055962879090414,True,2021.10.06.08.16.17_veh-52_01590_01725,1,1633509884.1999009,365789.0006883733,143345.58355400173,365789.0070635214,143354.3320620396,ad537f45665843f16
1.0,1.0,1.0,1.0,1.0,1.0,1.0,1.0,1.0,[1. 1. 1. 1. 0.],[5. 5. 2. 2. 2.],1.0,True,2021.09.16.19.27.01_veh-45_01749_03230,1,1631822762.0001838,587584.9646824498,4475577.610166456,587576.3026374064,4475579.546204936,9e0949ca46f2a4a49
1.0,1.0,1.0,1.0,0.17643439106186087,1.0,1.0,1.0,1.0,[0.17643439 1.         1.         1.         0.        ],[5. 5. 2. 2. 2.],0.7058694253792359,True,2021.09.16.13.53.10_veh-42_00180_00342,1,1631800684.900173,589249.7405047396,4474181.318190486,589248.1189450554,4474179.753375053,2251eed913b2fbe46
0.0,1.0,1.0,1.0,1.0,0.0,0.0,1.0,0.0,[1. 0. 0. 1. 0.],[5. 5. 2. 2. 2.],0.0,True,2021.08.30.14.54.34_veh-40_00439_00835,1,1630335855.5004148,331356.37506854115,4690984.09417937,331384.7496701544,4690965.769031763,7c6eb3ebf2ec0a507
1.0,1.0,1.0,1.0,0.5279111756880424,1.0,0.0,1.0,1.0,[0.52791118 1.         0.         1.         0.        ],[5. 5. 2. 2. 2.],0.6885397056028724,True,2021.08.30.14.54.34_veh-40_00439_00835,1,1630335855.5004148,331384.07131113147,4690964.539658382,331391.9479754253,4690959.940990742,645751bf568658675
1.0,1.0,1.0,1.0,0.9823907995895348,1.0,1.0,1.0,1.0,[0.9823908 1.        1.        1.        0.       ],[5. 5. 2. 2. 2.],0.9937109998534053,True,2021.08.16.14.23.37_veh-45_00015_00132,1,1629124052.499943,588922.246180264,4474995.017525078,588935.7091671876,4474953.766605961,4a421aa61a3bbad1d
1.0,1.0,1.0,1.0,0.8937336318770521,1.0,1.0,1.0,1.0,[0.89373363 1.         1.         1.         0.        ],[5. 5. 2. 2. 2.],0.9620477256703757,True,2021.08.16.14.23.37_veh-45_00015_00132,1,1629124052.000155,588927.665212012,4474978.006914572,588939.6076457177,4474942.758275688,c8a0832c8f737ce92
1.0,1.0,1.0,1.0,0.7402749746107261,1.0,0.0,1.0,1.0,[0.74027497 1.         0.         1.         0.        ],[5. 5. 2. 2. 2.],0.7643839195038308,True,2021.08.30.14.54.34_veh-40_00439_00835,1,1630335855.000484,331382.07419848355,4690967.2959905965,331395.65917447646,4690958.372727347,765fab253a51a77e4
1.0,1.0,1.0,1.0,0.7837468693033262,1.0,1.0,1.0,1.0,[0.78374687 1.         1.         1.         0.        ],[5. 5. 2. 2. 2.],0.9227667390369022,True,2021.09.16.15.47.30_veh-45_01199_01391,1,1631808659.800304,588037.4733031341,4475716.954210584,588026.6162783131,4475705.9281226,774a05df3c1512cac
1.0,1.0,0.5,1.0,0.7206727847351583,1.0,0.0,1.0,0.5,[0.72067278 1.         0.         1.         0.        ],[5. 5. 2. 2. 2.],0.37869156870270687,True,2021.09.29.19.02.14_veh-28_02911_03005,1,1632945161.7997289,331555.8536630602,4689351.505535313,331576.11454652785,4689337.228227746,aaaeb97c15db0e2f6
0.0,1.0,1.0,1.0,1.0,0.0,0.0,1.0,0.0,[1. 0. 0. 1. 0.],[5. 5. 2. 2. 2.],0.0,True,2021.08.30.14.54.34_veh-40_00439_00835,1,1630335855.5004148,331351.5327959611,4690985.4705185,331383.17533637496,4690966.077987797,5fcf415bcf1a37722
1.0,1.0,1.0,1.0,0.11920276393576278,1.0,0.0,1.0,1.0,[0.11920276 1.         0.         1.         0.        ],[5. 5. 2. 2. 2.],0.5425724156913438,True,2021.09.16.15.47.30_veh-45_01199_01391,1,1631808554.7998118,587711.306271866,4475555.19748176,587710.6595601721,4475553.991210357,fedfbdfcf20092620
0.0,1.0,0.5,1.0,1.0,0.0,1.0,1.0,0.0,[1. 0. 1. 1. 0.],[5. 5. 2. 2. 2.],0.0,True,2021.09.16.15.47.30_veh-45_01199_01391,1,1631808659.800304,588050.3922574662,4475728.54221696,588030.9592792492,4475709.733013757,e774d1b87b07638c4
1.0,1.0,1.0,1.0,0.0,1.0,1.0,1.0,1.0,[0. 1. 1. 1. 0.],[5. 5. 2. 2. 2.],0.6428571428571429,True,2021.09.16.13.53.10_veh-42_00180_00342,1,1631800685.4001389,589247.1534517764,4474179.229728951,589247.128249402,4474179.206866289,78e346fdbeb014770
0.0,1.0,0.5,1.0,1.0,0.0,1.0,1.0,0.0,[1. 0. 1. 1. 0.],[5. 5. 2. 2. 2.],0.0,True,2021.09.16.15.47.30_veh-45_01199_01391,1,1631808659.300555,588049.2991345299,4475727.141331606,588027.9863037148,4475706.9512559185,80fbecd9f16630510
1.0,0.0,1.0,1.0,0.53366653541669,1.0,1.0,1.0,0.0,[0.53366654 1.         1.         1.         0.        ],[5. 5. 2. 2. 2.],0.0,True,2021.09.29.19.02.14_veh-28_02911_03005,1,1632945161.7997289,331568.9089137242,4689337.800327232,331581.2239589549,4689334.319382456,9600f9f6992618229
1.0,1.0,1.0,1.0,0.0,1.0,1.0,1.0,1.0,[0. 1. 1. 1. 0.],[5. 5. 2. 2. 2.],0.6428571428571429,True,2021.09.16.13.53.10_veh-42_00180_00342,1,1631800684.900173,589245.8023015079,4474177.844947133,589245.7914674171,4474177.841200282,bc9a77699f862350d
0.0,0.0,0.0,1.0,1.0,0.0,1.0,1.0,0.0,[1. 0. 1. 1. 0.],[5. 5. 2. 2. 2.],0.0,True,2021.09.16.15.47.30_veh-45_01199_01391,1,1631808659.300555,588050.5935223592,4475730.302794059,588028.8692102839,4475708.254951744,8c7844d1d621c907b
1.0,1.0,1.0,1.0,0.7072557300415822,1.0,1.0,1.0,1.0,[0.70725573 1.         1.         1.         0.        ],[5. 5. 2. 2. 2.],0.8954484750148508,True,2021.08.16.14.23.37_veh-45_00015_00132,1,1629124052.499943,588932.6867910571,4474961.158862454,588940.6516040423,4474940.626833002,0cd9ea86052a0b8e1
1.0,1.0,1.0,1.0,0.5959374013358624,1.0,1.0,1.0,1.0,[0.5959374 1.        1.        1.        0.       ],[5. 5. 2. 2. 2.],0.8556919290485222,True,2021.10.06.08.16.17_veh-52_01590_01725,1,1633509884.1999009,365789.9858405857,143336.8409949587,365789.38613921363,143351.61802417273,5ae5fc96ae87f7041
1.0,1.0,1.0,1.0,0.25180516655161567,1.0,1.0,1.0,1.0,[0.25180517 1.         1.         1.         0.        ],[5. 5. 2. 2. 2.],0.7327875594827199,True,2021.08.30.14.54.34_veh-40_00439_00835,1,1630335855.000484,331397.1608488039,4690958.150969997,331399.7667247046,4690955.943984009,45d88e7f92a4a9e74
1.0,1.0,1.0,1.0,1.0,1.0,0.0,1.0,1.0,[1. 1. 0. 1. 0.],[5. 5. 2. 2. 2.],0.8571428571428571,True,2021.09.16.19.27.01_veh-45_01749_03230,1,1631822761.5000799,587575.4409079344,4475581.231833745,587571.2643945969,4475582.1101538325,ffe0db4c4b5ed141a
0.0,0.0,0.0,1.0,0.9308057738255899,0.0,0.0,1.0,0.0,[0.93080577 0.         0.         1.         0.        ],[5. 5. 2. 2. 2.],0.0,True,2021.09.29.19.02.14_veh-28_02911_03005,1,1632945161.7997289,331542.0835953342,4689354.860932674,331573.3427308561,4689340.702600871,190768b2e92e01b36
1.0,1.0,1.0,1.0,0.32435515310985047,1.0,1.0,1.0,1.0,[0.32435515 1.         1.         1.         0.        ],[5. 5. 2. 2. 2.],0.7586982689678037,True,2021.09.16.15.47.30_veh-45_01199_01391,1,1631808554.7998118,587712.9888783533,4475555.436498393,587710.8663256973,4475552.652105731,5fb2ee221c72e08b2
1.0,0.0,1.0,1.0,1.0,1.0,1.0,1.0,0.0,[1. 1. 1. 1. 0.],[5. 5. 2. 2. 2.],0.0,True,2021.09.16.13.53.10_veh-42_00180_00342,1,1631800684.900173,589251.8964152384,4474181.955480323,589250.5750003881,4474180.550472292,232ee9d7342aed6a0
0.0,0.0,0.0,1.0,1.0,0.0,0.0,1.0,0.0,[1. 0. 0. 1. 0.],[5. 5. 2. 2. 2.],0.0,True,2021.09.16.15.47.30_veh-45_01199_01391,1,1631808659.300555,588074.1954546983,4475750.428466139,588036.5730677114,4475715.513522199,474779897c967667c
1.0,1.0,1.0,1.0,0.6112281106127329,1.0,1.0,1.0,1.0,[0.61122811 1.         1.         1.         0.        ],[5. 5. 2. 2. 2.],0.8611528966474046,True,2021.10.06.08.16.17_veh-52_01590_01725,1,1633509884.1999009,365791.7964770559,143333.74494774442,365789.8725798683,143349.4010100004,02644631a56fa1750
1.0,0.0,1.0,1.0,0.621774094262541,1.0,1.0,1.0,0.0,[0.62177409 1.         1.         1.         0.        ],[5. 5. 2. 2. 2.],0.0,True,2021.10.06.08.16.17_veh-52_01590_01725,1,1633509884.1999009,365789.455591037,143331.71925291631,365789.2181638914,143349.24573051336,5f69ad192f42e1e35
1.0,1.0,1.0,0.0,1.0,1.0,1.0,1.0,0.0,[1. 1. 1. 1. 0.],[5. 5. 2. 2. 2.],0.0,True,2021.09.16.15.47.30_veh-45_01199_01391,1,1631808554.7998118,587725.4976751645,4475570.68373041,587716.7318686969,4475559.635512512,863415a0e3cc1897d
1.0,1.0,1.0,1.0,0.5438883436735835,1.0,1.0,1.0,1.0,[0.54388834 1.         1.         1.         0.        ],[5. 5. 2. 2. 2.],0.8371029798834227,True,2021.08.16.14.23.37_veh-45_00015_00132,1,1629124052.000155,588938.5684762809,4474944.726068741,588942.6231777895,4474933.758029475,cc716ed59dd6f0250
1.0,1.0,1.0,1.0,0.5567822523418171,1.0,1.0,1.0,1.0,[0.55678225 1.         1.         1.         0.        ],[5. 5. 2. 2. 2.],0.8417079472649347,True,2021.10.06.08.16.17_veh-52_01590_01725,1,1633509884.699713,365791.66248958587,143335.25151966067,365790.0876684029,143347.69628470653,cea842f2d5b0ad72d
1.0,1.0,1.0,1.0,0.25180516655161567,1.0,1.0,1.0,1.0,[0.25180517 1.         1.         1.         0.        ],[5. 5. 2. 2. 2.],0.7327875594827199,True,2021.08.30.14.54.34_veh-40_00439_00835,1,1630335855.000484,331397.1608488039,4690958.150969997,331399.7667247046,4690955.943984009,b77f2183b554e6641
0.0,0.0,0.0,1.0,1.0,0.0,0.0,1.0,0.0,[1. 0. 0. 1. 0.],[5. 5. 2. 2. 2.],0.0,True,2021.09.29.19.02.14_veh-28_02911_03005,1,1632945162.29987,331539.48927620315,4689352.833293458,331570.7729771068,4689341.988314637,b795e9c4c8fde41bb
0.0,1.0,1.0,1.0,0.9285267546756533,0.0,0.0,1.0,0.0,[0.92852675 0.         0.         1.         0.        ],[5. 5. 2. 2. 2.],0.0,True,2021.09.16.15.47.30_veh-45_01199_01391,1,1631808554.7998118,587720.3179307597,4475565.638688032,587714.0200361375,4475556.4370456375,32a33652619708c65
0.0,0.0,0.0,1.0,1.0,0.0,0.0,1.0,0.0,[1. 0. 0. 1. 0.],[5. 5. 2. 2. 2.],0.0,True,2021.09.16.15.47.30_veh-45_01199_01391,1,1631808659.800304,588079.3452598901,4475754.671069529,588041.2233380213,4475719.805517849,de1d1d3fbf4860a8c
1.0,1.0,1.0,0.0,1.0,1.0,1.0,1.0,0.0,[1. 1. 1. 1. 0.],[5. 5. 2. 2. 2.],0.0,True,2021.09.16.15.47.30_veh-45_01199_01391,1,1631808555.2996619,587734.2797081964,4475581.027216754,587718.6375028103,4475563.014258014,af1a4d903d6c645ce
0.0,1.0,1.0,1.0,0.9971512532110915,0.0,0.0,1.0,0.0,[0.99715125 0.         0.         1.         0.        ],[5. 5. 2. 2. 2.],0.0,True,2021.09.16.15.47.30_veh-45_01199_01391,1,1631808554.7998118,587719.4700559473,4475567.71685336,587713.1879280512,4475557.588755212,362376a65fe8ca576
1.0,1.0,1.0,1.0,0.32280803608372943,1.0,1.0,0.0,1.0,[0.32280804 1.         1.         0.         0.        ],[5. 5. 2. 2. 2.],0.6152885843156177,True,2021.09.29.19.02.14_veh-28_02911_03005,1,1632945162.29987,331576.87854174204,4689335.508253395,331581.6943057831,4689334.057688561,01898e4c2520a9400
0.0,0.0,0.0,1.0,1.0,0.0,0.0,1.0,0.0,[1. 0. 0. 1. 0.],[5. 5. 2. 2. 2.],0.0,True,2021.09.16.15.47.30_veh-45_01199_01391,1,1631808659.300555,588071.6905264043,4475747.238293754,588035.5075312677,4475713.625442339,95bfecce656f72d69
1.0,1.0,1.0,1.0,0.05908863592973799,1.0,0.0,1.0,1.0,[0.05908864 1.         0.         1.         0.        ],[5. 5. 2. 2. 2.],0.5211030842606207,True,2021.09.16.19.27.01_veh-45_01749_03230,1,1631822761.5000799,587568.5708220811,4475582.664240079,587568.1141409066,4475582.740468371,f67fdc6f83d2e8656
1.0,1.0,1.0,1.0,0.8611702487757537,1.0,1.0,1.0,1.0,[0.86117025 1.         1.         1.         0.        ],[5. 5. 2. 2. 2.],0.9504179459913406,True,2021.09.16.15.47.30_veh-45_01199_01391,1,1631808659.300555,588039.5013135547,4475720.313459704,588025.4733299037,4475705.588099353,5688641dd10efb02d
0.0,1.0,1.0,1.0,1.0,0.0,0.0,1.0,0.0,[1. 0. 0. 1. 0.],[5. 5. 2. 2. 2.],0.0,True,2021.09.16.15.47.30_veh-45_01199_01391,1,1631808555.2996619,587718.8955174618,4475566.67383013,587713.8888594225,4475558.664910123,6d8d91ad290f124b2
0.0,0.0,0.0,1.0,1.0,0.0,0.0,1.0,0.0,[1. 0. 0. 1. 0.],[5. 5. 2. 2. 2.],0.0,True,2021.09.29.19.02.14_veh-28_02911_03005,1,1632945162.29987,331540.5787467687,4689348.299114946,331571.2700151894,4689337.755788311,321422cad3f85a6a3
0.0,0.0,1.0,1.0,1.0,0.0,1.0,1.0,0.0,[1. 0. 1. 1. 0.],[5. 5. 2. 2. 2.],0.0,True,2021.09.16.15.47.30_veh-45_01199_01391,1,1631808659.300555,588067.4129119487,4475737.997987555,588033.4455663302,4475710.320667566,241e6bedc6fcf2de4
1.0,1.0,1.0,1.0,1.0,1.0,1.0,1.0,1.0,[1. 1. 1. 1. 0.],[5. 5. 2. 2. 2.],1.0,True,2021.08.16.14.23.37_veh-45_00015_00132,1,1629124052.000155,588923.583305754,4474991.246485355,588937.2488112982,4474948.236905783,49d2336208d2cac37
1.0,0.0,0.5,1.0,0.6784539031418463,1.0,1.0,1.0,0.0,[0.6784539 1.        1.        1.        0.       ],[5. 5. 2. 2. 2.],0.0,True,2021.10.06.08.16.17_veh-52_01590_01725,1,1633509884.1999009,365792.47428789875,143323.13345751743,365790.30255042744,143345.22277181278,2df81c34dac0b3f5c
1.0,1.0,1.0,1.0,0.11920276393576278,1.0,0.0,1.0,1.0,[0.11920276 1.         0.         1.         0.        ],[5. 5. 2. 2. 2.],0.5425724156913438,True,2021.09.16.15.47.30_veh-45_01199_01391,1,1631808554.7998118,587711.306271866,4475555.19748176,587710.6595601721,4475553.991210357,1effe02b2af9680a9
1.0,1.0,1.0,1.0,0.027527467409631336,1.0,1.0,1.0,1.0,[0.02752747 1.         1.         1.         0.        ],[5. 5. 2. 2. 2.],0.6526883812177254,True,2021.09.16.15.47.30_veh-45_01199_01391,1,1631808555.2996619,587710.7417927843,4475552.975622736,587710.5614094248,4475552.721872448,bc686838d510dad87
1.0,1.0,1.0,1.0,0.8953115240523577,1.0,1.0,1.0,1.0,[0.89531152 1.         1.         1.         0.        ],[5. 5. 2. 2. 2.],0.9626112585901277,True,2021.09.16.19.27.01_veh-45_01749_03230,1,1631822761.5000799,587583.0266253758,4475578.346790466,587574.4065340679,4475580.4139422225,b545597d491f4a96e
