,token,valid,no_at_fault_collisions,drivable_area_compliance,ego_progress,time_to_collision_within_bound,comfort,driving_direction_compliance,score
0,03059436fa185bf8,True,1.0,1.0,0.9014639931911771,1.0,1.0,1.0,0.9589433304963239
1,02379e524f105926,True,1.0,1.0,0.8604153716973034,1.0,1.0,1.0,0.9418397382072098
2,03296a9251995268,True,1.0,1.0,0.7004985941238986,1.0,1.0,1.0,0.8752077475516243
3,030706565b1f552d,True,1.0,1.0,0.772083842150044,1.0,1.0,1.0,0.9050349342291849
4,014369205e025f0c,True,1.0,1.0,0.819789203085581,1.0,1.0,1.0,0.9249121679523254
5,0371700bf65b51e0,True,1.0,1.0,1.0,0.0,1.0,0.0,0.5833333333333334
6,0146e76ccdba5d9d,True,1.0,0.0,0.0,1.0,1.0,1.0,0.0
7,012ca60989175c54,True,1.0,1.0,1.0,1.0,1.0,1.0,1.0
8,003a1fdca9505c09,True,1.0,0.0,0.0,1.0,1.0,0.0,0.0
9,01fc240ee1d25c9e,True,1.0,1.0,1.0,0.0,1.0,1.0,0.5833333333333334
10,028613e11f415422,True,1.0,1.0,0.7818152778183072,1.0,1.0,1.0,0.9090896990909613
11,0166f867762a56e1,True,1.0,1.0,0.9850719424467274,1.0,1.0,1.0,0.9937799760194697
12,025aab0da0e652b7,True,1.0,1.0,0.5668857999646357,1.0,1.0,1.0,0.8195357499852648
13,01f2481a8cfc5803,True,0.0,1.0,0.0,0.0,1.0,0.0,0.0
14,02e9f697f2d055ee,True,1.0,1.0,0.9073397417428914,1.0,1.0,1.0,0.9613915590595381
15,01ce9c82de0d5539,True,1.0,1.0,0.7766614671955185,1.0,1.0,1.0,0.9069422779981328
16,01329f4a29285dfe,True,1.0,0.0,0.0,1.0,1.0,1.0,0.0
17,03d1885be4355a79,True,1.0,0.0,0.0,1.0,1.0,0.0,0.0
18,01add9e74d3c5053,True,1.0,1.0,0.6511543441093458,1.0,1.0,1.0,0.8546476433788941
19,018690bcb255590d,True,1.0,1.0,0.91369432519204,1.0,1.0,1.0,0.96403930216335
20,02ecdf935f895a86,True,1.0,1.0,0.7990225095219071,1.0,1.0,1.0,0.9162593789674612
21,01fa845276f857c5,True,1.0,1.0,0.838715762491573,1.0,1.0,1.0,0.9327982343714888
22,015ef5e7f5a55db8,True,1.0,1.0,1.0,1.0,1.0,1.0,1.0
23,0208ed2202af56b2,True,1.0,1.0,0.9068364184084196,1.0,1.0,1.0,0.9611818410035081
24,030c27139f7d57a4,True,1.0,1.0,0.8983758981831406,1.0,1.0,1.0,0.9576566242429753
25,01da0653d99c5903,True,1.0,1.0,1.0,0.0,1.0,1.0,0.5833333333333334
26,00ff8eeb53cc598b,True,1.0,0.0,0.0,0.0,1.0,0.5,0.0
27,013ec5b715635a66,True,1.0,1.0,1.0,1.0,1.0,1.0,1.0
28,0220967816915e94,True,1.0,0.0,0.0,1.0,1.0,0.0,0.0
29,025b657634505df3,True,1.0,1.0,0.9513375585031586,1.0,1.0,1.0,0.9797239827096494
30,0000548db87959c2,True,1.0,0.0,0.0,1.0,1.0,0.0,0.0
31,019eaadd84cb56f8,True,1.0,1.0,0.24967198919164396,1.0,1.0,1.0,0.6873633288298517
32,016d6a913efa5ff1,True,1.0,1.0,0.7625417466612535,1.0,1.0,0.0,0.9010590611088557
33,01a58976a2e45a3d,True,0.0,1.0,0.0,1.0,1.0,1.0,0.0
34,006e2728d7115fa7,True,1.0,1.0,0.5770186027592155,1.0,1.0,1.0,0.8237577511496731
35,006d30e1af265b1e,True,1.0,1.0,0.7486282566450813,1.0,1.0,1.0,0.8952617736021171
36,02e3c48291855ae8,True,1.0,1.0,0.6580113356902042,1.0,1.0,1.0,0.8575047232042518
37,03660e332def5cfa,True,1.0,1.0,0.8284665988374216,1.0,1.0,1.0,0.9285277495155922
38,0388cd6f1af65029,True,1.0,1.0,0.7193058704422383,1.0,1.0,1.0,0.883044112684266
39,032ae6630661521a,True,1.0,1.0,1.0,0.0,1.0,1.0,0.5833333333333334
40,02b68b9cc51f506a,True,1.0,0.0,0.0,1.0,1.0,0.5,0.0
41,029585f0509d52b0,True,1.0,0.0,0.0,1.0,1.0,1.0,0.0
42,018ba0bc5f145074,True,1.0,1.0,0.7037403300803086,1.0,1.0,1.0,0.8765584708667952
43,0012a35a78a151b5,True,1.0,1.0,0.8545340999999924,0.0,1.0,1.0,0.5227225416666635
44,007845701f635565,True,1.0,0.0,0.0,1.0,1.0,0.0,0.0
45,00abc794f8ce5195,True,1.0,1.0,1.0,1.0,1.0,1.0,1.0
46,001b34b45b2f50e4,True,1.0,1.0,1.0,1.0,1.0,1.0,1.0
47,015593741e7050f7,True,1.0,1.0,0.7548137668493065,1.0,1.0,1.0,0.8978390695205443
48,02328c7410405c5a,True,0.0,1.0,0.0,0.0,1.0,1.0,0.0
49,00b838c358175255,True,1.0,1.0,0.909405924308087,1.0,1.0,0.0,0.962252468461703
50,00f925ab5406520f,True,0.0,1.0,0.0,0.0,1.0,1.0,0.0
51,03388b830f975734,True,0.0,1.0,0.0,0.0,1.0,1.0,0.0
52,0114734fd69b598e,True,1.0,1.0,0.5682645489569472,1.0,1.0,1.0,0.8201102287320614
53,02799c5e8bf35595,True,0.0,0.0,0.0,0.0,1.0,0.0,0.0
54,0057ce5b81c35a81,True,1.0,1.0,0.9610531041785878,1.0,1.0,1.0,0.9837721267410782
55,011376b151f2526c,True,0.5,0.0,0.0,0.0,1.0,1.0,0.0
56,000926dda92d592d,True,1.0,1.0,0.9715747516331781,0.0,1.0,1.0,0.5714894798471576
57,01518f6335d75c16,True,1.0,1.0,0.6921274436971762,1.0,1.0,1.0,0.8717197682071567
58,03143ef8f2f65a2f,True,1.0,1.0,0.022490115427998395,1.0,1.0,1.0,0.592704214761666
59,00ddbc829ecb563e,True,1.0,1.0,1.0,1.0,1.0,0.5,1.0
60,038c0a3e665c51d2,True,1.0,1.0,0.8966627829791264,1.0,1.0,1.0,0.9569428262413027
61,03c0cf33d2105598,True,1.0,1.0,1.0,1.0,1.0,1.0,1.0
62,02c896df120754ba,True,1.0,1.0,0.014366457618611318,1.0,1.0,1.0,0.5893193573410881
63,0045af58281456a0,True,1.0,1.0,0.6300628288889327,1.0,1.0,0.5,0.8458595120370553
64,01fea9c4f9f45634,True,1.0,0.0,0.0,1.0,1.0,0.0,0.0
65,0192c3bca9ca5c67,True,1.0,1.0,0.8577244307604683,1.0,1.0,1.0,0.9407185128168618
66,02325da26296565c,True,1.0,1.0,1.0,0.0,1.0,1.0,0.5833333333333334
67,01052f67ec24538c,True,1.0,1.0,0.987197306599161,1.0,1.0,1.0,0.9946655444163172
68,03c50783a77551a2,True,1.0,0.0,0.0,1.0,1.0,1.0,0.0
69,0116de776d6b5d1b,True,1.0,1.0,0.0,1.0,1.0,1.0,0.5833333333333334
70,02145ce72fd95a85,True,1.0,0.0,0.0,1.0,1.0,0.0,0.0
71,0367791336c3533e,True,1.0,0.0,0.0,1.0,1.0,0.5,0.0
72,026e7b1e0e335625,True,1.0,1.0,1.0,1.0,1.0,1.0,1.0
73,03ad57c205da56f2,True,1.0,0.0,0.0,1.0,1.0,1.0,0.0
74,00f49d71f0eb507b,True,1.0,1.0,0.003903852432249885,1.0,1.0,1.0,0.5849599385134374
75,019b86fe2e215b6e,True,1.0,1.0,0.6362992542743604,1.0,1.0,1.0,0.8484580226143169
76,024fd1e792395805,True,1.0,0.0,0.0,1.0,1.0,1.0,0.0
77,03af0c992a5a5ffc,True,0.0,1.0,0.0,0.0,1.0,1.0,0.0
78,02902d180b405100,True,1.0,1.0,0.9159095102511587,1.0,1.0,1.0,0.9649622959379828
79,0393e11b085a5cc2,True,1.0,1.0,1.0,1.0,1.0,1.0,1.0
80,01d061d9a66451ea,True,0.0,1.0,0.0,0.0,1.0,1.0,0.0
81,002e450c6cba5895,True,1.0,1.0,0.9375432248370371,1.0,1.0,1.0,0.9739763436820988
82,037698dae8d65558,True,1.0,1.0,0.6223141509327559,0.0,1.0,0.0,0.42596422955531493
83,035db9ac34715b07,True,1.0,1.0,0.9695382081140272,1.0,1.0,1.0,0.9873075867141781
84,038e954a77a95537,True,1.0,1.0,0.8920131464701612,1.0,1.0,1.0,0.9550054776959005
85,015011d2b73158b7,True,0.5,0.0,0.0,0.0,1.0,1.0,0.0
86,00c6aecefec9576c,True,1.0,1.0,0.8942985793402013,1.0,1.0,1.0,0.9559577413917505
87,02e3e6d3ecfc5240,True,1.0,0.0,0.0,1.0,1.0,0.5,0.0
88,00eb3a4e0f8052e9,True,1.0,1.0,0.8592610402414361,1.0,1.0,1.0,0.941358766767265
89,03b33d7830ba522b,True,1.0,1.0,0.6742775652434606,1.0,1.0,1.0,0.8642823188514419
90,026ee9bc920b5180,True,0.0,1.0,0.0,0.0,1.0,1.0,0.0
91,0122ce98b2735558,True,1.0,0.0,0.0,0.0,1.0,1.0,0.0
92,008144fe47ac5f74,True,1.0,1.0,0.6956592118058758,1.0,1.0,1.0,0.8731913382524482
93,01d53ccf583c5a49,True,1.0,0.0,0.0,1.0,1.0,1.0,0.0
94,00685a5276625b57,True,1.0,1.0,0.956113080643493,1.0,1.0,0.0,0.9817137836014554
95,0088dd94bbb85394,True,1.0,1.0,0.7580151134194137,1.0,1.0,1.0,0.8991729639247558
96,02015675e4585611,True,1.0,1.0,0.3782268734948671,1.0,1.0,1.0,0.7409278639561947
97,01e3dbb4fbcd5781,True,1.0,0.0,0.0,1.0,1.0,0.5,0.0
98,0324b2d1ca2e5b6e,True,1.0,1.0,0.9228692271274445,0.0,1.0,1.0,0.5511955113031018
99,01ace31ecf365cbb,True,1.0,1.0,0.7446266491864088,1.0,1.0,1.0,0.8935944371610036
100,00c893a01244562c,True,1.0,1.0,0.5241580491922919,1.0,1.0,0.5,0.8017325204967882
101,0027db600afe56ca,True,1.0,1.0,0.34404289643222485,1.0,1.0,1.0,0.7266845401800937
102,0165d0814e905c1c,True,0.0,1.0,0.0,0.0,1.0,1.0,0.0
103,01226863089b5e1d,True,1.0,1.0,0.9971829139292471,1.0,1.0,1.0,0.9988262141371863
104,03817943eb905452,True,1.0,1.0,1.0,0.0,1.0,0.0,0.5833333333333334
105,0185fc1c73c759a7,True,1.0,1.0,1.0,1.0,1.0,1.0,1.0
106,03503ef42eeb5573,True,1.0,0.0,0.0,1.0,1.0,0.5,0.0
107,02d9591fc6de53c8,True,1.0,1.0,0.6216709062161637,1.0,1.0,1.0,0.8423628775900682
108,000d6961709c5904,True,0.0,1.0,0.0,0.0,1.0,1.0,0.0
109,013456829c0050ce,True,1.0,1.0,1.0,1.0,1.0,1.0,1.0
110,019667e138b95ff0,True,1.0,1.0,0.6857898709628767,1.0,1.0,1.0,0.8690791129011987
111,02c8da231eb15ed2,True,0.0,0.0,0.0,0.0,1.0,0.0,0.0
112,0202782270ab5a62,True,0.0,0.0,0.0,0.0,1.0,0.0,0.0
113,03269d4ad9e45809,True,1.0,0.0,0.0,1.0,1.0,0.0,0.0
114,0370ac4af44a5bfc,True,1.0,1.0,0.6179346104635673,1.0,1.0,1.0,0.840806087693153
115,0363f17229aa5b57,True,1.0,1.0,0.08549053146741478,1.0,1.0,1.0,0.6189543881114229
116,0386351e2a11529e,True,1.0,0.0,0.0,1.0,1.0,0.0,0.0
117,02e3c13aa3975b02,True,1.0,0.0,0.0,1.0,1.0,1.0,0.0
118,01c019a7360f5445,True,1.0,0.0,0.0,1.0,1.0,0.0,0.0
119,022cc20c8dd45bc5,True,0.0,1.0,0.0,0.0,1.0,1.0,0.0
120,002672a228395a16,True,1.0,1.0,1.0,1.0,1.0,1.0,1.0
121,013fbdcd9db35b43,True,1.0,0.0,0.0,1.0,1.0,1.0,0.0
122,0092e40a13ea52f4,True,1.0,1.0,1.0,1.0,1.0,1.0,1.0
123,028d10ed5c105755,True,1.0,1.0,1.0,1.0,1.0,1.0,1.0
124,0033fc4b187a5f1f,True,1.0,1.0,0.9012356959134232,1.0,1.0,1.0,0.9588482066305929
125,01876d7aa6f55554,True,1.0,1.0,0.291333617584938,1.0,1.0,1.0,0.7047223406603909
126,00fcad6d092c5e8e,True,1.0,0.0,0.0,0.0,0.0,0.0,0.0
127,005f87dd980253a5,True,1.0,1.0,0.13049424565534976,1.0,1.0,1.0,0.6377059356897291
128,012dc5d8043555ef,True,1.0,1.0,1.0,1.0,1.0,1.0,1.0
129,016d8cf09d875f57,True,1.0,1.0,0.8603539475761742,0.0,1.0,1.0,0.5251474781567392
130,008d6e3394a65c1f,True,1.0,1.0,1.0,1.0,1.0,1.0,1.0
131,0221ed2a1c495f23,True,1.0,0.0,0.0,1.0,1.0,1.0,0.0
132,01d3726e5bc2576b,True,1.0,1.0,1.0,0.0,1.0,1.0,0.5833333333333334
133,00b2afbb751b59c6,True,1.0,1.0,0.9593316292230304,1.0,1.0,1.0,0.9830548455095961
134,022de8051c3f5b83,True,1.0,1.0,1.0,1.0,1.0,1.0,1.0
135,00016f8b45c25a1d,True,1.0,0.0,0.0,1.0,1.0,0.0,0.0
136,0038810163a05e09,True,1.0,1.0,1.0,1.0,1.0,1.0,1.0
137,013d05a439b95210,True,1.0,1.0,1.0,1.0,1.0,1.0,1.0
138,02e8fd3cc3c3556f,True,1.0,1.0,0.8458633630865586,1.0,1.0,1.0,0.935776401286066
139,03aa8a0576a25b63,True,1.0,1.0,0.7460421090297753,0.0,1.0,0.0,0.47751754542907304
140,017514eaeeef5716,True,0.0,1.0,0.0,1.0,1.0,1.0,0.0
141,02f1ad081f41550e,True,1.0,1.0,0.867699164831873,1.0,1.0,0.5,0.9448746520132804
142,020ba7462c6f52b3,True,1.0,1.0,1.0,0.0,1.0,0.0,0.5833333333333334
143,0059b8e52a3f55e8,True,1.0,1.0,0.718740909512441,1.0,1.0,1.0,0.8828087122968503
144,0093ff0188ea5b90,True,1.0,1.0,1.0,1.0,1.0,1.0,1.0
145,039cc112267b5d97,True,1.0,1.0,0.6739041634460604,1.0,1.0,1.0,0.8641267347691919
146,005fcf3e9a125706,True,1.0,1.0,0.6087528661760601,1.0,1.0,0.0,0.8369803609066917
147,0372bb63e704555a,True,0.0,0.0,0.0,0.0,1.0,0.0,0.0
148,0179d579d30e588c,True,1.0,1.0,1.0,1.0,1.0,1.0,1.0
149,026e84581e0f5044,True,1.0,0.0,0.0,1.0,1.0,1.0,0.0
150,0334cae9f1ef56ae,True,1.0,1.0,0.23150486353431401,1.0,1.0,1.0,0.6797936931392975
151,0156027594b85857,True,1.0,1.0,0.9564267805414899,0.0,1.0,1.0,0.5651778252256208
152,003ead1914c051d7,True,1.0,1.0,0.9641356900153129,1.0,1.0,1.0,0.9850565375063803
153,001d444661b45635,True,1.0,0.0,0.0,1.0,1.0,1.0,0.0
154,000bf168dd5159af,True,0.0,0.0,0.0,0.0,1.0,0.0,0.0
155,002a52b0ed5650da,True,1.0,1.0,0.8634482188648778,1.0,1.0,1.0,0.9431034245270324
156,017e89f6f6a85d79,True,1.0,0.0,0.0,1.0,1.0,1.0,0.0
157,01c4dab17c975e13,True,1.0,1.0,1.0,1.0,1.0,1.0,1.0
158,00f20c2762515d09,True,0.0,0.0,0.0,0.0,1.0,1.0,0.0
159,02bfb6340c185b97,True,1.0,1.0,0.6993217383338062,1.0,1.0,1.0,0.8747173909724193
160,038948dd9db85d2a,True,1.0,1.0,1.0,1.0,1.0,1.0,1.0
161,0317b218061b5c4d,True,1.0,1.0,1.0,1.0,1.0,1.0,1.0
162,01ff2ecc002851a1,True,1.0,1.0,0.3548172812076674,1.0,1.0,1.0,0.7311738671698614
163,02c173ffafdd5be5,True,1.0,1.0,0.43453774260791,1.0,1.0,1.0,0.7643907260866292
164,03ca1900f09b5d20,True,1.0,1.0,0.8642746738407099,1.0,1.0,1.0,0.9434477807669625
165,00c489998dd4555c,True,1.0,1.0,1.0,1.0,1.0,1.0,1.0
166,0182731334355e48,True,1.0,0.0,0.0,0.0,1.0,1.0,0.0
167,0145102e6c2f5803,True,1.0,1.0,0.8784649581243006,1.0,1.0,1.0,0.9493603992184586
168,012432bd62b85f80,True,1.0,1.0,0.7366400345931133,1.0,1.0,1.0,0.8902666810804639
169,00185dab0ba153b9,True,1.0,1.0,1.0,1.0,1.0,0.5,1.0
170,01b78ea52da8595a,True,0.0,0.0,0.0,0.0,1.0,0.5,0.0
171,0278f1a2ae3b5ae5,True,1.0,1.0,0.7983942659892985,1.0,1.0,1.0,0.9159976108288744
172,03a97a30526b5c14,True,1.0,1.0,0.7978273436334579,1.0,1.0,1.0,0.9157613931806075
173,00a757f8d4e45f8c,True,0.5,0.0,0.0,0.0,1.0,0.5,0.0
174,02e1537a43d55ab2,True,1.0,1.0,0.9190700904014568,1.0,1.0,1.0,0.9662792043339404
175,01e4bff700f15523,True,1.0,0.0,0.0,1.0,1.0,0.0,0.0
176,008844070af456e3,True,1.0,1.0,0.2509751109457617,1.0,1.0,1.0,0.6879062962274007
177,00137a5ce92d591c,True,1.0,0.0,0.0,1.0,1.0,1.0,0.0
178,008b419a63b75917,True,0.0,1.0,0.0,0.0,1.0,0.0,0.0
179,01e6276eff385ea8,True,1.0,0.0,0.0,1.0,1.0,0.5,0.0
180,03c2e332abb25034,True,1.0,1.0,1.0,1.0,1.0,1.0,1.0
181,03986e48fa5e5f90,True,1.0,1.0,0.837002417296183,1.0,1.0,1.0,0.9320843405400763
182,024d89a3e1e752dc,True,1.0,1.0,0.9067170074148274,1.0,1.0,1.0,0.9611320864228446
183,024d012881be5995,True,1.0,1.0,0.5510271251069913,1.0,1.0,1.0,0.8129279687945797
184,02cc0007d6755abc,True,0.5,0.0,0.0,0.0,1.0,1.0,0.0
185,02ff5ce64ad75584,True,1.0,1.0,0.8540317410130431,1.0,1.0,1.0,0.939179892088768
186,0027991369e05ab2,True,1.0,0.0,0.0,1.0,1.0,0.0,0.0
187,01167513b5b55ca1,True,1.0,1.0,0.09781739394315893,1.0,1.0,1.0,0.6240905808096495
188,01b9125ad835592f,True,1.0,0.0,0.0,0.0,1.0,1.0,0.0
189,01f3a4a21dc2582f,True,1.0,1.0,0.617848835389463,1.0,1.0,0.5,0.8407703480789429
190,039e37993d565b25,True,1.0,1.0,0.3667774808675847,1.0,1.0,1.0,0.736157283694827
191,008d66a74c275479,True,1.0,1.0,1.0,1.0,1.0,1.0,1.0
192,02f75336f9f55e4f,True,1.0,1.0,0.692636740231766,1.0,1.0,0.5,0.8719319750965692
193,029a9572e05a5914,True,1.0,1.0,0.8972971876880399,1.0,1.0,1.0,0.9572071615366834
194,026bb114391d5b81,True,1.0,1.0,0.4732197269209881,1.0,1.0,1.0,0.7805082195504117
195,020dee65dab453bb,True,1.0,1.0,1.0,1.0,1.0,1.0,1.0
196,037b976caae85af5,True,1.0,0.0,0.0,1.0,1.0,1.0,0.0
197,0004474e9e3f5470,True,1.0,0.0,0.0,1.0,1.0,1.0,0.0
198,0225c61734025867,True,1.0,1.0,0.9500272646858433,1.0,1.0,1.0,0.9791780269524347
199,01314f10793f5ad7,True,1.0,1.0,1.0,1.0,1.0,1.0,1.0
200,average,True,0.89,0.745,0.533669781168679,0.79,0.995,0.81,0.5877790754869495
